FAIL src/modules/businesses/businesses.service.spec.ts
  ● BusinessesService › create › throws ConflictException if slug already taken

    Nest can't resolve dependencies of the BusinessesService (BusinessesRepository, AuditService, ?, GoogleReviewDetectionQueue, WhatsAppBspService). Please make sure that the argument GoogleReviewsProvider at index [2] is available in the RootTestModule module.

    Potential solutions:
    - Is RootTestModule a valid NestJS module?
    - If GoogleReviewsProvider is a provider, is it part of the current RootTestModule?
    - If GoogleReviewsProvider is exported from a separate @Module, is that module imported within RootTestModule?
      @Module({
        imports: [ /* the Module containing GoogleReviewsProvider */ ]
      })

    For more common dependency resolution issues, see: https://docs.nestjs.com/faq/common-errors

    [0m [90m 83 |[39m   beforeEach([36masync[39m () [33m=>[39m {
     [90m 84 |[39m     jest[33m.[39mclearAllMocks()[33m;[39m
    [31m[1m>[22m[39m[90m 85 |[39m     [36mconst[39m module[33m:[39m [33mTestingModule[39m [33m=[39m [36mawait[39m [33mTest[39m[33m.[39mcreateTestingModule({
     [90m    |[39m                                   [31m[1m^[22m[39m
     [90m 86 |[39m       providers[33m:[39m [
     [90m 87 |[39m         [33mBusinessesService[39m[33m,[39m
     [90m 88 |[39m         { provide[33m:[39m [33mBusinessesRepository[39m[33m,[39m useValue[33m:[39m mockRepository }[33m,[39m[0m

      at TestingInjector.lookupComponentInParentModules (../../../node_modules/@nestjs/core/injector/injector.js:290:19)
      at TestingInjector.resolveComponentWrapper (../../../node_modules/@nestjs/testing/testing-injector.js:19:45)
      at resolveParam (../../../node_modules/@nestjs/core/injector/injector.js:140:38)
          at async Promise.all (index 2)
      at TestingInjector.resolveConstructorParams (../../../node_modules/@nestjs/core/injector/injector.js:169:27)
      at TestingInjector.loadInstance (../../../node_modules/@nestjs/core/injector/injector.js:75:13)
      at TestingInjector.loadProvider (../../../node_modules/@nestjs/core/injector/injector.js:103:9)
      at ../../../node_modules/@nestjs/core/injector/instance-loader.js:56:13
          at async Promise.all (index 3)
      at TestingInstanceLoader.createInstancesOfProviders (../../../node_modules/@nestjs/core/injector/instance-loader.js:55:9)
      at ../../../node_modules/@nestjs/core/injector/instance-loader.js:40:13
          at async Promise.all (index 1)
      at TestingInstanceLoader.createInstances (../../../node_modules/@nestjs/core/injector/instance-loader.js:39:9)
      at TestingInstanceLoader.createInstancesOfDependencies (../../../node_modules/@nestjs/core/injector/instance-loader.js:22:13)
      at TestingInstanceLoader.createInstancesOfDependencies (../../../node_modules/@nestjs/testing/testing-instance-loader.js:9:9)
      at TestingModuleBuilder.createInstancesOfDependencies (../../../node_modules/@nestjs/testing/testing-module.builder.js:118:9)
      at TestingModuleBuilder.compile (../../../node_modules/@nestjs/testing/testing-module.builder.js:74:9)
      at Object.<anonymous> (modules/businesses/businesses.service.spec.ts:85:35)

  ● BusinessesService › create › creates business and OWNER membership atomically

    Nest can't resolve dependencies of the BusinessesService (BusinessesRepository, AuditService, ?, GoogleReviewDetectionQueue, WhatsAppBspService). Please make sure that the argument GoogleReviewsProvider at index [2] is available in the RootTestModule module.

    Potential solutions:
    - Is RootTestModule a valid NestJS module?
    - If GoogleReviewsProvider is a provider, is it part of the current RootTestModule?
    - If GoogleReviewsProvider is exported from a separate @Module, is that module imported within RootTestModule?
      @Module({
        imports: [ /* the Module containing GoogleReviewsProvider */ ]
      })

    For more common dependency resolution issues, see: https://docs.nestjs.com/faq/common-errors

    [0m [90m 83 |[39m   beforeEach([36masync[39m () [33m=>[39m {
     [90m 84 |[39m     jest[33m.[39mclearAllMocks()[33m;[39m
    [31m[1m>[22m[39m[90m 85 |[39m     [36mconst[39m module[33m:[39m [33mTestingModule[39m [33m=[39m [36mawait[39m [33mTest[39m[33m.[39mcreateTestingModule({
     [90m    |[39m                                   [31m[1m^[22m[39m
     [90m 86 |[39m       providers[33m:[39m [
     [90m 87 |[39m         [33mBusinessesService[39m[33m,[39m
     [90m 88 |[39m         { provide[33m:[39m [33mBusinessesRepository[39m[33m,[39m useValue[33m:[39m mockRepository }[33m,[39m[0m

      at TestingInjector.lookupComponentInParentModules (../../../node_modules/@nestjs/core/injector/injector.js:290:19)
      at TestingInjector.resolveComponentWrapper (../../../node_modules/@nestjs/testing/testing-injector.js:19:45)
      at resolveParam (../../../node_modules/@nestjs/core/injector/injector.js:140:38)
          at async Promise.all (index 2)
      at TestingInjector.resolveConstructorParams (../../../node_modules/@nestjs/core/injector/injector.js:169:27)
      at TestingInjector.loadInstance (../../../node_modules/@nestjs/core/injector/injector.js:75:13)
      at TestingInjector.loadProvider (../../../node_modules/@nestjs/core/injector/injector.js:103:9)
      at ../../../node_modules/@nestjs/core/injector/instance-loader.js:56:13
          at async Promise.all (index 3)
      at TestingInstanceLoader.createInstancesOfProviders (../../../node_modules/@nestjs/core/injector/instance-loader.js:55:9)
      at ../../../node_modules/@nestjs/core/injector/instance-loader.js:40:13
          at async Promise.all (index 1)
      at TestingInstanceLoader.createInstances (../../../node_modules/@nestjs/core/injector/instance-loader.js:39:9)
      at TestingInstanceLoader.createInstancesOfDependencies (../../../node_modules/@nestjs/core/injector/instance-loader.js:22:13)
      at TestingInstanceLoader.createInstancesOfDependencies (../../../node_modules/@nestjs/testing/testing-instance-loader.js:9:9)
      at TestingModuleBuilder.createInstancesOfDependencies (../../../node_modules/@nestjs/testing/testing-module.builder.js:118:9)
      at TestingModuleBuilder.compile (../../../node_modules/@nestjs/testing/testing-module.builder.js:74:9)
      at Object.<anonymous> (modules/businesses/businesses.service.spec.ts:85:35)

  ● BusinessesService › create › passes brand fields through to repository

    Nest can't resolve dependencies of the BusinessesService (BusinessesRepository, AuditService, ?, GoogleReviewDetectionQueue, WhatsAppBspService). Please make sure that the argument GoogleReviewsProvider at index [2] is available in the RootTestModule module.

    Potential solutions:
    - Is RootTestModule a valid NestJS module?
    - If GoogleReviewsProvider is a provider, is it part of the current RootTestModule?
    - If GoogleReviewsProvider is exported from a separate @Module, is that module imported within RootTestModule?
      @Module({
        imports: [ /* the Module containing GoogleReviewsProvider */ ]
      })

    For more common dependency resolution issues, see: https://docs.nestjs.com/faq/common-errors

    [0m [90m 83 |[39m   beforeEach([36masync[39m () [33m=>[39m {
     [90m 84 |[39m     jest[33m.[39mclearAllMocks()[33m;[39m
    [31m[1m>[22m[39m[90m 85 |[39m     [36mconst[39m module[33m:[39m [33mTestingModule[39m [33m=[39m [36mawait[39m [33mTest[39m[33m.[39mcreateTestingModule({
     [90m    |[39m                                   [31m[1m^[22m[39m
     [90m 86 |[39m       providers[33m:[39m [
     [90m 87 |[39m         [33mBusinessesService[39m[33m,[39m
     [90m 88 |[39m         { provide[33m:[39m [33mBusinessesRepository[39m[33m,[39m useValue[33m:[39m mockRepository }[33m,[39m[0m

      at TestingInjector.lookupComponentInParentModules (../../../node_modules/@nestjs/core/injector/injector.js:290:19)
      at TestingInjector.resolveComponentWrapper (../../../node_modules/@nestjs/testing/testing-injector.js:19:45)
      at resolveParam (../../../node_modules/@nestjs/core/injector/injector.js:140:38)
          at async Promise.all (index 2)
      at TestingInjector.resolveConstructorParams (../../../node_modules/@nestjs/core/injector/injector.js:169:27)
      at TestingInjector.loadInstance (../../../node_modules/@nestjs/core/injector/injector.js:75:13)
      at TestingInjector.loadProvider (../../../node_modules/@nestjs/core/injector/injector.js:103:9)
      at ../../../node_modules/@nestjs/core/injector/instance-loader.js:56:13
          at async Promise.all (index 3)
      at TestingInstanceLoader.createInstancesOfProviders (../../../node_modules/@nestjs/core/injector/instance-loader.js:55:9)
      at ../../../node_modules/@nestjs/core/injector/instance-loader.js:40:13
          at async Promise.all (index 1)
      at TestingInstanceLoader.createInstances (../../../node_modules/@nestjs/core/injector/instance-loader.js:39:9)
      at TestingInstanceLoader.createInstancesOfDependencies (../../../node_modules/@nestjs/core/injector/instance-loader.js:22:13)
      at TestingInstanceLoader.createInstancesOfDependencies (../../../node_modules/@nestjs/testing/testing-instance-loader.js:9:9)
      at TestingModuleBuilder.createInstancesOfDependencies (../../../node_modules/@nestjs/testing/testing-module.builder.js:118:9)
      at TestingModuleBuilder.compile (../../../node_modules/@nestjs/testing/testing-module.builder.js:74:9)
      at Object.<anonymous> (modules/businesses/businesses.service.spec.ts:85:35)

  ● BusinessesService › findAllForUser › returns only businesses where the user has active membership

    Nest can't resolve dependencies of the BusinessesService (BusinessesRepository, AuditService, ?, GoogleReviewDetectionQueue, WhatsAppBspService). Please make sure that the argument GoogleReviewsProvider at index [2] is available in the RootTestModule module.

    Potential solutions:
    - Is RootTestModule a valid NestJS module?
    - If GoogleReviewsProvider is a provider, is it part of the current RootTestModule?
    - If GoogleReviewsProvider is exported from a separate @Module, is that module imported within RootTestModule?
      @Module({
        imports: [ /* the Module containing GoogleReviewsProvider */ ]
      })

    For more common dependency resolution issues, see: https://docs.nestjs.com/faq/common-errors

    [0m [90m 83 |[39m   beforeEach([36masync[39m () [33m=>[39m {
     [90m 84 |[39m     jest[33m.[39mclearAllMocks()[33m;[39m
    [31m[1m>[22m[39m[90m 85 |[39m     [36mconst[39m module[33m:[39m [33mTestingModule[39m [33m=[39m [36mawait[39m [33mTest[39m[33m.[39mcreateTestingModule({
     [90m    |[39m                                   [31m[1m^[22m[39m
     [90m 86 |[39m       providers[33m:[39m [
     [90m 87 |[39m         [33mBusinessesService[39m[33m,[39m
     [90m 88 |[39m         { provide[33m:[39m [33mBusinessesRepository[39m[33m,[39m useValue[33m:[39m mockRepository }[33m,[39m[0m

      at TestingInjector.lookupComponentInParentModules (../../../node_modules/@nestjs/core/injector/injector.js:290:19)
      at TestingInjector.resolveComponentWrapper (../../../node_modules/@nestjs/testing/testing-injector.js:19:45)
      at resolveParam (../../../node_modules/@nestjs/core/injector/injector.js:140:38)
          at async Promise.all (index 2)
      at TestingInjector.resolveConstructorParams (../../../node_modules/@nestjs/core/injector/injector.js:169:27)
      at TestingInjector.loadInstance (../../../node_modules/@nestjs/core/injector/injector.js:75:13)
      at TestingInjector.loadProvider (../../../node_modules/@nestjs/core/injector/injector.js:103:9)
      at ../../../node_modules/@nestjs/core/injector/instance-loader.js:56:13
          at async Promise.all (index 3)
      at TestingInstanceLoader.createInstancesOfProviders (../../../node_modules/@nestjs/core/injector/instance-loader.js:55:9)
      at ../../../node_modules/@nestjs/core/injector/instance-loader.js:40:13
          at async Promise.all (index 1)
      at TestingInstanceLoader.createInstances (../../../node_modules/@nestjs/core/injector/instance-loader.js:39:9)
      at TestingInstanceLoader.createInstancesOfDependencies (../../../node_modules/@nestjs/core/injector/instance-loader.js:22:13)
      at TestingInstanceLoader.createInstancesOfDependencies (../../../node_modules/@nestjs/testing/testing-instance-loader.js:9:9)
      at TestingModuleBuilder.createInstancesOfDependencies (../../../node_modules/@nestjs/testing/testing-module.builder.js:118:9)
      at TestingModuleBuilder.compile (../../../node_modules/@nestjs/testing/testing-module.builder.js:74:9)
      at Object.<anonymous> (modules/businesses/businesses.service.spec.ts:85:35)

  ● BusinessesService › findAllForUser › returns empty array when user has no memberships

    Nest can't resolve dependencies of the BusinessesService (BusinessesRepository, AuditService, ?, GoogleReviewDetectionQueue, WhatsAppBspService). Please make sure that the argument GoogleReviewsProvider at index [2] is available in the RootTestModule module.

    Potential solutions:
    - Is RootTestModule a valid NestJS module?
    - If GoogleReviewsProvider is a provider, is it part of the current RootTestModule?
    - If GoogleReviewsProvider is exported from a separate @Module, is that module imported within RootTestModule?
      @Module({
        imports: [ /* the Module containing GoogleReviewsProvider */ ]
      })

    For more common dependency resolution issues, see: https://docs.nestjs.com/faq/common-errors

    [0m [90m 83 |[39m   beforeEach([36masync[39m () [33m=>[39m {
     [90m 84 |[39m     jest[33m.[39mclearAllMocks()[33m;[39m
    [31m[1m>[22m[39m[90m 85 |[39m     [36mconst[39m module[33m:[39m [33mTestingModule[39m [33m=[39m [36mawait[39m [33mTest[39m[33m.[39mcreateTestingModule({
     [90m    |[39m                                   [31m[1m^[22m[39m
     [90m 86 |[39m       providers[33m:[39m [
     [90m 87 |[39m         [33mBusinessesService[39m[33m,[39m
     [90m 88 |[39m         { provide[33m:[39m [33mBusinessesRepository[39m[33m,[39m useValue[33m:[39m mockRepository }[33m,[39m[0m

      at TestingInjector.lookupComponentInParentModules (../../../node_modules/@nestjs/core/injector/injector.js:290:19)
      at TestingInjector.resolveComponentWrapper (../../../node_modules/@nestjs/testing/testing-injector.js:19:45)
      at resolveParam (../../../node_modules/@nestjs/core/injector/injector.js:140:38)
          at async Promise.all (index 2)
      at TestingInjector.resolveConstructorParams (../../../node_modules/@nestjs/core/injector/injector.js:169:27)
      at TestingInjector.loadInstance (../../../node_modules/@nestjs/core/injector/injector.js:75:13)
      at TestingInjector.loadProvider (../../../node_modules/@nestjs/core/injector/injector.js:103:9)
      at ../../../node_modules/@nestjs/core/injector/instance-loader.js:56:13
          at async Promise.all (index 3)
      at TestingInstanceLoader.createInstancesOfProviders (../../../node_modules/@nestjs/core/injector/instance-loader.js:55:9)
      at ../../../node_modules/@nestjs/core/injector/instance-loader.js:40:13
          at async Promise.all (index 1)
      at TestingInstanceLoader.createInstances (../../../node_modules/@nestjs/core/injector/instance-loader.js:39:9)
      at TestingInstanceLoader.createInstancesOfDependencies (../../../node_modules/@nestjs/core/injector/instance-loader.js:22:13)
      at TestingInstanceLoader.createInstancesOfDependencies (../../../node_modules/@nestjs/testing/testing-instance-loader.js:9:9)
      at TestingModuleBuilder.createInstancesOfDependencies (../../../node_modules/@nestjs/testing/testing-module.builder.js:118:9)
      at TestingModuleBuilder.compile (../../../node_modules/@nestjs/testing/testing-module.builder.js:74:9)
      at Object.<anonymous> (modules/businesses/businesses.service.spec.ts:85:35)

  ● BusinessesService › findAllForUser › calls repository scoped to the requesting user

    Nest can't resolve dependencies of the BusinessesService (BusinessesRepository, AuditService, ?, GoogleReviewDetectionQueue, WhatsAppBspService). Please make sure that the argument GoogleReviewsProvider at index [2] is available in the RootTestModule module.

    Potential solutions:
    - Is RootTestModule a valid NestJS module?
    - If GoogleReviewsProvider is a provider, is it part of the current RootTestModule?
    - If GoogleReviewsProvider is exported from a separate @Module, is that module imported within RootTestModule?
      @Module({
        imports: [ /* the Module containing GoogleReviewsProvider */ ]
      })

    For more common dependency resolution issues, see: https://docs.nestjs.com/faq/common-errors

    [0m [90m 83 |[39m   beforeEach([36masync[39m () [33m=>[39m {
     [90m 84 |[39m     jest[33m.[39mclearAllMocks()[33m;[39m
    [31m[1m>[22m[39m[90m 85 |[39m     [36mconst[39m module[33m:[39m [33mTestingModule[39m [33m=[39m [36mawait[39m [33mTest[39m[33m.[39mcreateTestingModule({
     [90m    |[39m                                   [31m[1m^[22m[39m
     [90m 86 |[39m       providers[33m:[39m [
     [90m 87 |[39m         [33mBusinessesService[39m[33m,[39m
     [90m 88 |[39m         { provide[33m:[39m [33mBusinessesRepository[39m[33m,[39m useValue[33m:[39m mockRepository }[33m,[39m[0m

      at TestingInjector.lookupComponentInParentModules (../../../node_modules/@nestjs/core/injector/injector.js:290:19)
      at TestingInjector.resolveComponentWrapper (../../../node_modules/@nestjs/testing/testing-injector.js:19:45)
      at resolveParam (../../../node_modules/@nestjs/core/injector/injector.js:140:38)
          at async Promise.all (index 2)
      at TestingInjector.resolveConstructorParams (../../../node_modules/@nestjs/core/injector/injector.js:169:27)
      at TestingInjector.loadInstance (../../../node_modules/@nestjs/core/injector/injector.js:75:13)
      at TestingInjector.loadProvider (../../../node_modules/@nestjs/core/injector/injector.js:103:9)
      at ../../../node_modules/@nestjs/core/injector/instance-loader.js:56:13
          at async Promise.all (index 3)
      at TestingInstanceLoader.createInstancesOfProviders (../../../node_modules/@nestjs/core/injector/instance-loader.js:55:9)
      at ../../../node_modules/@nestjs/core/injector/instance-loader.js:40:13
          at async Promise.all (index 1)
      at TestingInstanceLoader.createInstances (../../../node_modules/@nestjs/core/injector/instance-loader.js:39:9)
      at TestingInstanceLoader.createInstancesOfDependencies (../../../node_modules/@nestjs/core/injector/instance-loader.js:22:13)
      at TestingInstanceLoader.createInstancesOfDependencies (../../../node_modules/@nestjs/testing/testing-instance-loader.js:9:9)
      at TestingModuleBuilder.createInstancesOfDependencies (../../../node_modules/@nestjs/testing/testing-module.builder.js:118:9)
      at TestingModuleBuilder.compile (../../../node_modules/@nestjs/testing/testing-module.builder.js:74:9)
      at Object.<anonymous> (modules/businesses/businesses.service.spec.ts:85:35)

  ● BusinessesService › findCurrent › returns the business for the given tenant context

    Nest can't resolve dependencies of the BusinessesService (BusinessesRepository, AuditService, ?, GoogleReviewDetectionQueue, WhatsAppBspService). Please make sure that the argument GoogleReviewsProvider at index [2] is available in the RootTestModule module.

    Potential solutions:
    - Is RootTestModule a valid NestJS module?
    - If GoogleReviewsProvider is a provider, is it part of the current RootTestModule?
    - If GoogleReviewsProvider is exported from a separate @Module, is that module imported within RootTestModule?
      @Module({
        imports: [ /* the Module containing GoogleReviewsProvider */ ]
      })

    For more common dependency resolution issues, see: https://docs.nestjs.com/faq/common-errors

    [0m [90m 83 |[39m   beforeEach([36masync[39m () [33m=>[39m {
     [90m 84 |[39m     jest[33m.[39mclearAllMocks()[33m;[39m
    [31m[1m>[22m[39m[90m 85 |[39m     [36mconst[39m module[33m:[39m [33mTestingModule[39m [33m=[39m [36mawait[39m [33mTest[39m[33m.[39mcreateTestingModule({
     [90m    |[39m                                   [31m[1m^[22m[39m
     [90m 86 |[39m       providers[33m:[39m [
     [90m 87 |[39m         [33mBusinessesService[39m[33m,[39m
     [90m 88 |[39m         { provide[33m:[39m [33mBusinessesRepository[39m[33m,[39m useValue[33m:[39m mockRepository }[33m,[39m[0m

      at TestingInjector.lookupComponentInParentModules (../../../node_modules/@nestjs/core/injector/injector.js:290:19)
      at TestingInjector.resolveComponentWrapper (../../../node_modules/@nestjs/testing/testing-injector.js:19:45)
      at resolveParam (../../../node_modules/@nestjs/core/injector/injector.js:140:38)
          at async Promise.all (index 2)
      at TestingInjector.resolveConstructorParams (../../../node_modules/@nestjs/core/injector/injector.js:169:27)
      at TestingInjector.loadInstance (../../../node_modules/@nestjs/core/injector/injector.js:75:13)
      at TestingInjector.loadProvider (../../../node_modules/@nestjs/core/injector/injector.js:103:9)
      at ../../../node_modules/@nestjs/core/injector/instance-loader.js:56:13
          at async Promise.all (index 3)
      at TestingInstanceLoader.createInstancesOfProviders (../../../node_modules/@nestjs/core/injector/instance-loader.js:55:9)
      at ../../../node_modules/@nestjs/core/injector/instance-loader.js:40:13
          at async Promise.all (index 1)
      at TestingInstanceLoader.createInstances (../../../node_modules/@nestjs/core/injector/instance-loader.js:39:9)
      at TestingInstanceLoader.createInstancesOfDependencies (../../../node_modules/@nestjs/core/injector/instance-loader.js:22:13)
      at TestingInstanceLoader.createInstancesOfDependencies (../../../node_modules/@nestjs/testing/testing-instance-loader.js:9:9)
      at TestingModuleBuilder.createInstancesOfDependencies (../../../node_modules/@nestjs/testing/testing-module.builder.js:118:9)
      at TestingModuleBuilder.compile (../../../node_modules/@nestjs/testing/testing-module.builder.js:74:9)
      at Object.<anonymous> (modules/businesses/businesses.service.spec.ts:85:35)

  ● BusinessesService › findCurrent › throws NotFoundException if business does not exist

    Nest can't resolve dependencies of the BusinessesService (BusinessesRepository, AuditService, ?, GoogleReviewDetectionQueue, WhatsAppBspService). Please make sure that the argument GoogleReviewsProvider at index [2] is available in the RootTestModule module.

    Potential solutions:
    - Is RootTestModule a valid NestJS module?
    - If GoogleReviewsProvider is a provider, is it part of the current RootTestModule?
    - If GoogleReviewsProvider is exported from a separate @Module, is that module imported within RootTestModule?
      @Module({
        imports: [ /* the Module containing GoogleReviewsProvider */ ]
      })

    For more common dependency resolution issues, see: https://docs.nestjs.com/faq/common-errors

    [0m [90m 83 |[39m   beforeEach([36masync[39m () [33m=>[39m {
     [90m 84 |[39m     jest[33m.[39mclearAllMocks()[33m;[39m
    [31m[1m>[22m[39m[90m 85 |[39m     [36mconst[39m module[33m:[39m [33mTestingModule[39m [33m=[39m [36mawait[39m [33mTest[39m[33m.[39mcreateTestingModule({
     [90m    |[39m                                   [31m[1m^[22m[39m
     [90m 86 |[39m       providers[33m:[39m [
     [90m 87 |[39m         [33mBusinessesService[39m[33m,[39m
     [90m 88 |[39m         { provide[33m:[39m [33mBusinessesRepository[39m[33m,[39m useValue[33m:[39m mockRepository }[33m,[39m[0m

      at TestingInjector.lookupComponentInParentModules (../../../node_modules/@nestjs/core/injector/injector.js:290:19)
      at TestingInjector.resolveComponentWrapper (../../../node_modules/@nestjs/testing/testing-injector.js:19:45)
      at resolveParam (../../../node_modules/@nestjs/core/injector/injector.js:140:38)
          at async Promise.all (index 2)
      at TestingInjector.resolveConstructorParams (../../../node_modules/@nestjs/core/injector/injector.js:169:27)
      at TestingInjector.loadInstance (../../../node_modules/@nestjs/core/injector/injector.js:75:13)
      at TestingInjector.loadProvider (../../../node_modules/@nestjs/core/injector/injector.js:103:9)
      at ../../../node_modules/@nestjs/core/injector/instance-loader.js:56:13
          at async Promise.all (index 3)
      at TestingInstanceLoader.createInstancesOfProviders (../../../node_modules/@nestjs/core/injector/instance-loader.js:55:9)
      at ../../../node_modules/@nestjs/core/injector/instance-loader.js:40:13
          at async Promise.all (index 1)
      at TestingInstanceLoader.createInstances (../../../node_modules/@nestjs/core/injector/instance-loader.js:39:9)
      at TestingInstanceLoader.createInstancesOfDependencies (../../../node_modules/@nestjs/core/injector/instance-loader.js:22:13)
      at TestingInstanceLoader.createInstancesOfDependencies (../../../node_modules/@nestjs/testing/testing-instance-loader.js:9:9)
      at TestingModuleBuilder.createInstancesOfDependencies (../../../node_modules/@nestjs/testing/testing-module.builder.js:118:9)
      at TestingModuleBuilder.compile (../../../node_modules/@nestjs/testing/testing-module.builder.js:74:9)
      at Object.<anonymous> (modules/businesses/businesses.service.spec.ts:85:35)

  ● BusinessesService › findOneScoped › throws NotFoundException when user has no membership in the business

    Nest can't resolve dependencies of the BusinessesService (BusinessesRepository, AuditService, ?, GoogleReviewDetectionQueue, WhatsAppBspService). Please make sure that the argument GoogleReviewsProvider at index [2] is available in the RootTestModule module.

    Potential solutions:
    - Is RootTestModule a valid NestJS module?
    - If GoogleReviewsProvider is a provider, is it part of the current RootTestModule?
    - If GoogleReviewsProvider is exported from a separate @Module, is that module imported within RootTestModule?
      @Module({
        imports: [ /* the Module containing GoogleReviewsProvider */ ]
      })

    For more common dependency resolution issues, see: https://docs.nestjs.com/faq/common-errors

    [0m [90m 83 |[39m   beforeEach([36masync[39m () [33m=>[39m {
     [90m 84 |[39m     jest[33m.[39mclearAllMocks()[33m;[39m
    [31m[1m>[22m[39m[90m 85 |[39m     [36mconst[39m module[33m:[39m [33mTestingModule[39m [33m=[39m [36mawait[39m [33mTest[39m[33m.[39mcreateTestingModule({
     [90m    |[39m                                   [31m[1m^[22m[39m
     [90m 86 |[39m       providers[33m:[39m [
     [90m 87 |[39m         [33mBusinessesService[39m[33m,[39m
     [90m 88 |[39m         { provide[33m:[39m [33mBusinessesRepository[39m[33m,[39m useValue[33m:[39m mockRepository }[33m,[39m[0m

      at TestingInjector.lookupComponentInParentModules (../../../node_modules/@nestjs/core/injector/injector.js:290:19)
      at TestingInjector.resolveComponentWrapper (../../../node_modules/@nestjs/testing/testing-injector.js:19:45)
      at resolveParam (../../../node_modules/@nestjs/core/injector/injector.js:140:38)
          at async Promise.all (index 2)
      at TestingInjector.resolveConstructorParams (../../../node_modules/@nestjs/core/injector/injector.js:169:27)
      at TestingInjector.loadInstance (../../../node_modules/@nestjs/core/injector/injector.js:75:13)
      at TestingInjector.loadProvider (../../../node_modules/@nestjs/core/injector/injector.js:103:9)
      at ../../../node_modules/@nestjs/core/injector/instance-loader.js:56:13
          at async Promise.all (index 3)
      at TestingInstanceLoader.createInstancesOfProviders (../../../node_modules/@nestjs/core/injector/instance-loader.js:55:9)
      at ../../../node_modules/@nestjs/core/injector/instance-loader.js:40:13
          at async Promise.all (index 1)
      at TestingInstanceLoader.createInstances (../../../node_modules/@nestjs/core/injector/instance-loader.js:39:9)
      at TestingInstanceLoader.createInstancesOfDependencies (../../../node_modules/@nestjs/core/injector/instance-loader.js:22:13)
      at TestingInstanceLoader.createInstancesOfDependencies (../../../node_modules/@nestjs/testing/testing-instance-loader.js:9:9)
      at TestingModuleBuilder.createInstancesOfDependencies (../../../node_modules/@nestjs/testing/testing-module.builder.js:118:9)
      at TestingModuleBuilder.compile (../../../node_modules/@nestjs/testing/testing-module.builder.js:74:9)
      at Object.<anonymous> (modules/businesses/businesses.service.spec.ts:85:35)

  ● BusinessesService › findOneScoped › throws NotFoundException when membership is not ACTIVE

    Nest can't resolve dependencies of the BusinessesService (BusinessesRepository, AuditService, ?, GoogleReviewDetectionQueue, WhatsAppBspService). Please make sure that the argument GoogleReviewsProvider at index [2] is available in the RootTestModule module.

    Potential solutions:
    - Is RootTestModule a valid NestJS module?
    - If GoogleReviewsProvider is a provider, is it part of the current RootTestModule?
    - If GoogleReviewsProvider is exported from a separate @Module, is that module imported within RootTestModule?
      @Module({
        imports: [ /* the Module containing GoogleReviewsProvider */ ]
      })

    For more common dependency resolution issues, see: https://docs.nestjs.com/faq/common-errors

    [0m [90m 83 |[39m   beforeEach([36masync[39m () [33m=>[39m {
     [90m 84 |[39m     jest[33m.[39mclearAllMocks()[33m;[39m
    [31m[1m>[22m[39m[90m 85 |[39m     [36mconst[39m module[33m:[39m [33mTestingModule[39m [33m=[39m [36mawait[39m [33mTest[39m[33m.[39mcreateTestingModule({
     [90m    |[39m                                   [31m[1m^[22m[39m
     [90m 86 |[39m       providers[33m:[39m [
     [90m 87 |[39m         [33mBusinessesService[39m[33m,[39m
     [90m 88 |[39m         { provide[33m:[39m [33mBusinessesRepository[39m[33m,[39m useValue[33m:[39m mockRepository }[33m,[39m[0m

      at TestingInjector.lookupComponentInParentModules (../../../node_modules/@nestjs/core/injector/injector.js:290:19)
      at TestingInjector.resolveComponentWrapper (../../../node_modules/@nestjs/testing/testing-injector.js:19:45)
      at resolveParam (../../../node_modules/@nestjs/core/injector/injector.js:140:38)
          at async Promise.all (index 2)
      at TestingInjector.resolveConstructorParams (../../../node_modules/@nestjs/core/injector/injector.js:169:27)
      at TestingInjector.loadInstance (../../../node_modules/@nestjs/core/injector/injector.js:75:13)
      at TestingInjector.loadProvider (../../../node_modules/@nestjs/core/injector/injector.js:103:9)
      at ../../../node_modules/@nestjs/core/injector/instance-loader.js:56:13
          at async Promise.all (index 3)
      at TestingInstanceLoader.createInstancesOfProviders (../../../node_modules/@nestjs/core/injector/instance-loader.js:55:9)
      at ../../../node_modules/@nestjs/core/injector/instance-loader.js:40:13
          at async Promise.all (index 1)
      at TestingInstanceLoader.createInstances (../../../node_modules/@nestjs/core/injector/instance-loader.js:39:9)
      at TestingInstanceLoader.createInstancesOfDependencies (../../../node_modules/@nestjs/core/injector/instance-loader.js:22:13)
      at TestingInstanceLoader.createInstancesOfDependencies (../../../node_modules/@nestjs/testing/testing-instance-loader.js:9:9)
      at TestingModuleBuilder.createInstancesOfDependencies (../../../node_modules/@nestjs/testing/testing-module.builder.js:118:9)
      at TestingModuleBuilder.compile (../../../node_modules/@nestjs/testing/testing-module.builder.js:74:9)
      at Object.<anonymous> (modules/businesses/businesses.service.spec.ts:85:35)

  ● BusinessesService › findOneScoped › returns business when user has active membership

    Nest can't resolve dependencies of the BusinessesService (BusinessesRepository, AuditService, ?, GoogleReviewDetectionQueue, WhatsAppBspService). Please make sure that the argument GoogleReviewsProvider at index [2] is available in the RootTestModule module.

    Potential solutions:
    - Is RootTestModule a valid NestJS module?
    - If GoogleReviewsProvider is a provider, is it part of the current RootTestModule?
    - If GoogleReviewsProvider is exported from a separate @Module, is that module imported within RootTestModule?
      @Module({
        imports: [ /* the Module containing GoogleReviewsProvider */ ]
      })

    For more common dependency resolution issues, see: https://docs.nestjs.com/faq/common-errors

    [0m [90m 83 |[39m   beforeEach([36masync[39m () [33m=>[39m {
     [90m 84 |[39m     jest[33m.[39mclearAllMocks()[33m;[39m
    [31m[1m>[22m[39m[90m 85 |[39m     [36mconst[39m module[33m:[39m [33mTestingModule[39m [33m=[39m [36mawait[39m [33mTest[39m[33m.[39mcreateTestingModule({
     [90m    |[39m                                   [31m[1m^[22m[39m
     [90m 86 |[39m       providers[33m:[39m [
     [90m 87 |[39m         [33mBusinessesService[39m[33m,[39m
     [90m 88 |[39m         { provide[33m:[39m [33mBusinessesRepository[39m[33m,[39m useValue[33m:[39m mockRepository }[33m,[39m[0m

      at TestingInjector.lookupComponentInParentModules (../../../node_modules/@nestjs/core/injector/injector.js:290:19)
      at TestingInjector.resolveComponentWrapper (../../../node_modules/@nestjs/testing/testing-injector.js:19:45)
      at resolveParam (../../../node_modules/@nestjs/core/injector/injector.js:140:38)
          at async Promise.all (index 2)
      at TestingInjector.resolveConstructorParams (../../../node_modules/@nestjs/core/injector/injector.js:169:27)
      at TestingInjector.loadInstance (../../../node_modules/@nestjs/core/injector/injector.js:75:13)
      at TestingInjector.loadProvider (../../../node_modules/@nestjs/core/injector/injector.js:103:9)
      at ../../../node_modules/@nestjs/core/injector/instance-loader.js:56:13
          at async Promise.all (index 3)
      at TestingInstanceLoader.createInstancesOfProviders (../../../node_modules/@nestjs/core/injector/instance-loader.js:55:9)
      at ../../../node_modules/@nestjs/core/injector/instance-loader.js:40:13
          at async Promise.all (index 1)
      at TestingInstanceLoader.createInstances (../../../node_modules/@nestjs/core/injector/instance-loader.js:39:9)
      at TestingInstanceLoader.createInstancesOfDependencies (../../../node_modules/@nestjs/core/injector/instance-loader.js:22:13)
      at TestingInstanceLoader.createInstancesOfDependencies (../../../node_modules/@nestjs/testing/testing-instance-loader.js:9:9)
      at TestingModuleBuilder.createInstancesOfDependencies (../../../node_modules/@nestjs/testing/testing-module.builder.js:118:9)
      at TestingModuleBuilder.compile (../../../node_modules/@nestjs/testing/testing-module.builder.js:74:9)
      at Object.<anonymous> (modules/businesses/businesses.service.spec.ts:85:35)

  ● BusinessesService › findOneScoped › always scopes membership lookup by both userId and businessId

    Nest can't resolve dependencies of the BusinessesService (BusinessesRepository, AuditService, ?, GoogleReviewDetectionQueue, WhatsAppBspService). Please make sure that the argument GoogleReviewsProvider at index [2] is available in the RootTestModule module.

    Potential solutions:
    - Is RootTestModule a valid NestJS module?
    - If GoogleReviewsProvider is a provider, is it part of the current RootTestModule?
    - If GoogleReviewsProvider is exported from a separate @Module, is that module imported within RootTestModule?
      @Module({
        imports: [ /* the Module containing GoogleReviewsProvider */ ]
      })

    For more common dependency resolution issues, see: https://docs.nestjs.com/faq/common-errors

    [0m [90m 83 |[39m   beforeEach([36masync[39m () [33m=>[39m {
     [90m 84 |[39m     jest[33m.[39mclearAllMocks()[33m;[39m
    [31m[1m>[22m[39m[90m 85 |[39m     [36mconst[39m module[33m:[39m [33mTestingModule[39m [33m=[39m [36mawait[39m [33mTest[39m[33m.[39mcreateTestingModule({
     [90m    |[39m                                   [31m[1m^[22m[39m
     [90m 86 |[39m       providers[33m:[39m [
     [90m 87 |[39m         [33mBusinessesService[39m[33m,[39m
     [90m 88 |[39m         { provide[33m:[39m [33mBusinessesRepository[39m[33m,[39m useValue[33m:[39m mockRepository }[33m,[39m[0m

      at TestingInjector.lookupComponentInParentModules (../../../node_modules/@nestjs/core/injector/injector.js:290:19)
      at TestingInjector.resolveComponentWrapper (../../../node_modules/@nestjs/testing/testing-injector.js:19:45)
      at resolveParam (../../../node_modules/@nestjs/core/injector/injector.js:140:38)
          at async Promise.all (index 2)
      at TestingInjector.resolveConstructorParams (../../../node_modules/@nestjs/core/injector/injector.js:169:27)
      at TestingInjector.loadInstance (../../../node_modules/@nestjs/core/injector/injector.js:75:13)
      at TestingInjector.loadProvider (../../../node_modules/@nestjs/core/injector/injector.js:103:9)
      at ../../../node_modules/@nestjs/core/injector/instance-loader.js:56:13
          at async Promise.all (index 3)
      at TestingInstanceLoader.createInstancesOfProviders (../../../node_modules/@nestjs/core/injector/instance-loader.js:55:9)
      at ../../../node_modules/@nestjs/core/injector/instance-loader.js:40:13
          at async Promise.all (index 1)
      at TestingInstanceLoader.createInstances (../../../node_modules/@nestjs/core/injector/instance-loader.js:39:9)
      at TestingInstanceLoader.createInstancesOfDependencies (../../../node_modules/@nestjs/core/injector/instance-loader.js:22:13)
      at TestingInstanceLoader.createInstancesOfDependencies (../../../node_modules/@nestjs/testing/testing-instance-loader.js:9:9)
      at TestingModuleBuilder.createInstancesOfDependencies (../../../node_modules/@nestjs/testing/testing-module.builder.js:118:9)
      at TestingModuleBuilder.compile (../../../node_modules/@nestjs/testing/testing-module.builder.js:74:9)
      at Object.<anonymous> (modules/businesses/businesses.service.spec.ts:85:35)

  ● BusinessesService › getBrandProfile › returns brand profile for existing business

    Nest can't resolve dependencies of the BusinessesService (BusinessesRepository, AuditService, ?, GoogleReviewDetectionQueue, WhatsAppBspService). Please make sure that the argument GoogleReviewsProvider at index [2] is available in the RootTestModule module.

    Potential solutions:
    - Is RootTestModule a valid NestJS module?
    - If GoogleReviewsProvider is a provider, is it part of the current RootTestModule?
    - If GoogleReviewsProvider is exported from a separate @Module, is that module imported within RootTestModule?
      @Module({
        imports: [ /* the Module containing GoogleReviewsProvider */ ]
      })

    For more common dependency resolution issues, see: https://docs.nestjs.com/faq/common-errors

    [0m [90m 83 |[39m   beforeEach([36masync[39m () [33m=>[39m {
     [90m 84 |[39m     jest[33m.[39mclearAllMocks()[33m;[39m
    [31m[1m>[22m[39m[90m 85 |[39m     [36mconst[39m module[33m:[39m [33mTestingModule[39m [33m=[39m [36mawait[39m [33mTest[39m[33m.[39mcreateTestingModule({
     [90m    |[39m                                   [31m[1m^[22m[39m
     [90m 86 |[39m       providers[33m:[39m [
     [90m 87 |[39m         [33mBusinessesService[39m[33m,[39m
     [90m 88 |[39m         { provide[33m:[39m [33mBusinessesRepository[39m[33m,[39m useValue[33m:[39m mockRepository }[33m,[39m[0m

      at TestingInjector.lookupComponentInParentModules (../../../node_modules/@nestjs/core/injector/injector.js:290:19)
      at TestingInjector.resolveComponentWrapper (../../../node_modules/@nestjs/testing/testing-injector.js:19:45)
      at resolveParam (../../../node_modules/@nestjs/core/injector/injector.js:140:38)
          at async Promise.all (index 2)
      at TestingInjector.resolveConstructorParams (../../../node_modules/@nestjs/core/injector/injector.js:169:27)
      at TestingInjector.loadInstance (../../../node_modules/@nestjs/core/injector/injector.js:75:13)
      at TestingInjector.loadProvider (../../../node_modules/@nestjs/core/injector/injector.js:103:9)
      at ../../../node_modules/@nestjs/core/injector/instance-loader.js:56:13
          at async Promise.all (index 3)
      at TestingInstanceLoader.createInstancesOfProviders (../../../node_modules/@nestjs/core/injector/instance-loader.js:55:9)
      at ../../../node_modules/@nestjs/core/injector/instance-loader.js:40:13
          at async Promise.all (index 1)
      at TestingInstanceLoader.createInstances (../../../node_modules/@nestjs/core/injector/instance-loader.js:39:9)
      at TestingInstanceLoader.createInstancesOfDependencies (../../../node_modules/@nestjs/core/injector/instance-loader.js:22:13)
      at TestingInstanceLoader.createInstancesOfDependencies (../../../node_modules/@nestjs/testing/testing-instance-loader.js:9:9)
      at TestingModuleBuilder.createInstancesOfDependencies (../../../node_modules/@nestjs/testing/testing-module.builder.js:118:9)
      at TestingModuleBuilder.compile (../../../node_modules/@nestjs/testing/testing-module.builder.js:74:9)
      at Object.<anonymous> (modules/businesses/businesses.service.spec.ts:85:35)

  ● BusinessesService › getBrandProfile › throws NotFoundException if business does not exist

    Nest can't resolve dependencies of the BusinessesService (BusinessesRepository, AuditService, ?, GoogleReviewDetectionQueue, WhatsAppBspService). Please make sure that the argument GoogleReviewsProvider at index [2] is available in the RootTestModule module.

    Potential solutions:
    - Is RootTestModule a valid NestJS module?
    - If GoogleReviewsProvider is a provider, is it part of the current RootTestModule?
    - If GoogleReviewsProvider is exported from a separate @Module, is that module imported within RootTestModule?
      @Module({
        imports: [ /* the Module containing GoogleReviewsProvider */ ]
      })

    For more common dependency resolution issues, see: https://docs.nestjs.com/faq/common-errors

    [0m [90m 83 |[39m   beforeEach([36masync[39m () [33m=>[39m {
     [90m 84 |[39m     jest[33m.[39mclearAllMocks()[33m;[39m
    [31m[1m>[22m[39m[90m 85 |[39m     [36mconst[39m module[33m:[39m [33mTestingModule[39m [33m=[39m [36mawait[39m [33mTest[39m[33m.[39mcreateTestingModule({
     [90m    |[39m                                   [31m[1m^[22m[39m
     [90m 86 |[39m       providers[33m:[39m [
     [90m 87 |[39m         [33mBusinessesService[39m[33m,[39m
     [90m 88 |[39m         { provide[33m:[39m [33mBusinessesRepository[39m[33m,[39m useValue[33m:[39m mockRepository }[33m,[39m[0m

      at TestingInjector.lookupComponentInParentModules (../../../node_modules/@nestjs/core/injector/injector.js:290:19)
      at TestingInjector.resolveComponentWrapper (../../../node_modules/@nestjs/testing/testing-injector.js:19:45)
      at resolveParam (../../../node_modules/@nestjs/core/injector/injector.js:140:38)
          at async Promise.all (index 2)
      at TestingInjector.resolveConstructorParams (../../../node_modules/@nestjs/core/injector/injector.js:169:27)
      at TestingInjector.loadInstance (../../../node_modules/@nestjs/core/injector/injector.js:75:13)
      at TestingInjector.loadProvider (../../../node_modules/@nestjs/core/injector/injector.js:103:9)
      at ../../../node_modules/@nestjs/core/injector/instance-loader.js:56:13
          at async Promise.all (index 3)
      at TestingInstanceLoader.createInstancesOfProviders (../../../node_modules/@nestjs/core/injector/instance-loader.js:55:9)
      at ../../../node_modules/@nestjs/core/injector/instance-loader.js:40:13
          at async Promise.all (index 1)
      at TestingInstanceLoader.createInstances (../../../node_modules/@nestjs/core/injector/instance-loader.js:39:9)
      at TestingInstanceLoader.createInstancesOfDependencies (../../../node_modules/@nestjs/core/injector/instance-loader.js:22:13)
      at TestingInstanceLoader.createInstancesOfDependencies (../../../node_modules/@nestjs/testing/testing-instance-loader.js:9:9)
      at TestingModuleBuilder.createInstancesOfDependencies (../../../node_modules/@nestjs/testing/testing-module.builder.js:118:9)
      at TestingModuleBuilder.compile (../../../node_modules/@nestjs/testing/testing-module.builder.js:74:9)
      at Object.<anonymous> (modules/businesses/businesses.service.spec.ts:85:35)

  ● BusinessesService › updateBrandProfile › updates brand fields via repository

    Nest can't resolve dependencies of the BusinessesService (BusinessesRepository, AuditService, ?, GoogleReviewDetectionQueue, WhatsAppBspService). Please make sure that the argument GoogleReviewsProvider at index [2] is available in the RootTestModule module.

    Potential solutions:
    - Is RootTestModule a valid NestJS module?
    - If GoogleReviewsProvider is a provider, is it part of the current RootTestModule?
    - If GoogleReviewsProvider is exported from a separate @Module, is that module imported within RootTestModule?
      @Module({
        imports: [ /* the Module containing GoogleReviewsProvider */ ]
      })

    For more common dependency resolution issues, see: https://docs.nestjs.com/faq/common-errors

    [0m [90m 83 |[39m   beforeEach([36masync[39m () [33m=>[39m {
     [90m 84 |[39m     jest[33m.[39mclearAllMocks()[33m;[39m
    [31m[1m>[22m[39m[90m 85 |[39m     [36mconst[39m module[33m:[39m [33mTestingModule[39m [33m=[39m [36mawait[39m [33mTest[39m[33m.[39mcreateTestingModule({
     [90m    |[39m                                   [31m[1m^[22m[39m
     [90m 86 |[39m       providers[33m:[39m [
     [90m 87 |[39m         [33mBusinessesService[39m[33m,[39m
     [90m 88 |[39m         { provide[33m:[39m [33mBusinessesRepository[39m[33m,[39m useValue[33m:[39m mockRepository }[33m,[39m[0m

      at TestingInjector.lookupComponentInParentModules (../../../node_modules/@nestjs/core/injector/injector.js:290:19)
      at TestingInjector.resolveComponentWrapper (../../../node_modules/@nestjs/testing/testing-injector.js:19:45)
      at resolveParam (../../../node_modules/@nestjs/core/injector/injector.js:140:38)
          at async Promise.all (index 2)
      at TestingInjector.resolveConstructorParams (../../../node_modules/@nestjs/core/injector/injector.js:169:27)
      at TestingInjector.loadInstance (../../../node_modules/@nestjs/core/injector/injector.js:75:13)
      at TestingInjector.loadProvider (../../../node_modules/@nestjs/core/injector/injector.js:103:9)
      at ../../../node_modules/@nestjs/core/injector/instance-loader.js:56:13
          at async Promise.all (index 3)
      at TestingInstanceLoader.createInstancesOfProviders (../../../node_modules/@nestjs/core/injector/instance-loader.js:55:9)
      at ../../../node_modules/@nestjs/core/injector/instance-loader.js:40:13
          at async Promise.all (index 1)
      at TestingInstanceLoader.createInstances (../../../node_modules/@nestjs/core/injector/instance-loader.js:39:9)
      at TestingInstanceLoader.createInstancesOfDependencies (../../../node_modules/@nestjs/core/injector/instance-loader.js:22:13)
      at TestingInstanceLoader.createInstancesOfDependencies (../../../node_modules/@nestjs/testing/testing-instance-loader.js:9:9)
      at TestingModuleBuilder.createInstancesOfDependencies (../../../node_modules/@nestjs/testing/testing-module.builder.js:118:9)
      at TestingModuleBuilder.compile (../../../node_modules/@nestjs/testing/testing-module.builder.js:74:9)
      at Object.<anonymous> (modules/businesses/businesses.service.spec.ts:85:35)

  ● BusinessesService › updateBrandProfile › throws NotFoundException if business does not exist

    Nest can't resolve dependencies of the BusinessesService (BusinessesRepository, AuditService, ?, GoogleReviewDetectionQueue, WhatsAppBspService). Please make sure that the argument GoogleReviewsProvider at index [2] is available in the RootTestModule module.

    Potential solutions:
    - Is RootTestModule a valid NestJS module?
    - If GoogleReviewsProvider is a provider, is it part of the current RootTestModule?
    - If GoogleReviewsProvider is exported from a separate @Module, is that module imported within RootTestModule?
      @Module({
        imports: [ /* the Module containing GoogleReviewsProvider */ ]
      })

    For more common dependency resolution issues, see: https://docs.nestjs.com/faq/common-errors

    [0m [90m 83 |[39m   beforeEach([36masync[39m () [33m=>[39m {
     [90m 84 |[39m     jest[33m.[39mclearAllMocks()[33m;[39m
    [31m[1m>[22m[39m[90m 85 |[39m     [36mconst[39m module[33m:[39m [33mTestingModule[39m [33m=[39m [36mawait[39m [33mTest[39m[33m.[39mcreateTestingModule({
     [90m    |[39m                                   [31m[1m^[22m[39m
     [90m 86 |[39m       providers[33m:[39m [
     [90m 87 |[39m         [33mBusinessesService[39m[33m,[39m
     [90m 88 |[39m         { provide[33m:[39m [33mBusinessesRepository[39m[33m,[39m useValue[33m:[39m mockRepository }[33m,[39m[0m

      at TestingInjector.lookupComponentInParentModules (../../../node_modules/@nestjs/core/injector/injector.js:290:19)
      at TestingInjector.resolveComponentWrapper (../../../node_modules/@nestjs/testing/testing-injector.js:19:45)
      at resolveParam (../../../node_modules/@nestjs/core/injector/injector.js:140:38)
          at async Promise.all (index 2)
      at TestingInjector.resolveConstructorParams (../../../node_modules/@nestjs/core/injector/injector.js:169:27)
      at TestingInjector.loadInstance (../../../node_modules/@nestjs/core/injector/injector.js:75:13)
      at TestingInjector.loadProvider (../../../node_modules/@nestjs/core/injector/injector.js:103:9)
      at ../../../node_modules/@nestjs/core/injector/instance-loader.js:56:13
          at async Promise.all (index 3)
      at TestingInstanceLoader.createInstancesOfProviders (../../../node_modules/@nestjs/core/injector/instance-loader.js:55:9)
      at ../../../node_modules/@nestjs/core/injector/instance-loader.js:40:13
          at async Promise.all (index 1)
      at TestingInstanceLoader.createInstances (../../../node_modules/@nestjs/core/injector/instance-loader.js:39:9)
      at TestingInstanceLoader.createInstancesOfDependencies (../../../node_modules/@nestjs/core/injector/instance-loader.js:22:13)
      at TestingInstanceLoader.createInstancesOfDependencies (../../../node_modules/@nestjs/testing/testing-instance-loader.js:9:9)
      at TestingModuleBuilder.createInstancesOfDependencies (../../../node_modules/@nestjs/testing/testing-module.builder.js:118:9)
      at TestingModuleBuilder.compile (../../../node_modules/@nestjs/testing/testing-module.builder.js:74:9)
      at Object.<anonymous> (modules/businesses/businesses.service.spec.ts:85:35)

  ● BusinessesService › updateStatus › allows valid transition DRAFT → ACTIVE

    Nest can't resolve dependencies of the BusinessesService (BusinessesRepository, AuditService, ?, GoogleReviewDetectionQueue, WhatsAppBspService). Please make sure that the argument GoogleReviewsProvider at index [2] is available in the RootTestModule module.

    Potential solutions:
    - Is RootTestModule a valid NestJS module?
    - If GoogleReviewsProvider is a provider, is it part of the current RootTestModule?
    - If GoogleReviewsProvider is exported from a separate @Module, is that module imported within RootTestModule?
      @Module({
        imports: [ /* the Module containing GoogleReviewsProvider */ ]
      })

    For more common dependency resolution issues, see: https://docs.nestjs.com/faq/common-errors

    [0m [90m 83 |[39m   beforeEach([36masync[39m () [33m=>[39m {
     [90m 84 |[39m     jest[33m.[39mclearAllMocks()[33m;[39m
    [31m[1m>[22m[39m[90m 85 |[39m     [36mconst[39m module[33m:[39m [33mTestingModule[39m [33m=[39m [36mawait[39m [33mTest[39m[33m.[39mcreateTestingModule({
     [90m    |[39m                                   [31m[1m^[22m[39m
     [90m 86 |[39m       providers[33m:[39m [
     [90m 87 |[39m         [33mBusinessesService[39m[33m,[39m
     [90m 88 |[39m         { provide[33m:[39m [33mBusinessesRepository[39m[33m,[39m useValue[33m:[39m mockRepository }[33m,[39m[0m

      at TestingInjector.lookupComponentInParentModules (../../../node_modules/@nestjs/core/injector/injector.js:290:19)
      at TestingInjector.resolveComponentWrapper (../../../node_modules/@nestjs/testing/testing-injector.js:19:45)
      at resolveParam (../../../node_modules/@nestjs/core/injector/injector.js:140:38)
          at async Promise.all (index 2)
      at TestingInjector.resolveConstructorParams (../../../node_modules/@nestjs/core/injector/injector.js:169:27)
      at TestingInjector.loadInstance (../../../node_modules/@nestjs/core/injector/injector.js:75:13)
      at TestingInjector.loadProvider (../../../node_modules/@nestjs/core/injector/injector.js:103:9)
      at ../../../node_modules/@nestjs/core/injector/instance-loader.js:56:13
          at async Promise.all (index 3)
      at TestingInstanceLoader.createInstancesOfProviders (../../../node_modules/@nestjs/core/injector/instance-loader.js:55:9)
      at ../../../node_modules/@nestjs/core/injector/instance-loader.js:40:13
          at async Promise.all (index 1)
      at TestingInstanceLoader.createInstances (../../../node_modules/@nestjs/core/injector/instance-loader.js:39:9)
      at TestingInstanceLoader.createInstancesOfDependencies (../../../node_modules/@nestjs/core/injector/instance-loader.js:22:13)
      at TestingInstanceLoader.createInstancesOfDependencies (../../../node_modules/@nestjs/testing/testing-instance-loader.js:9:9)
      at TestingModuleBuilder.createInstancesOfDependencies (../../../node_modules/@nestjs/testing/testing-module.builder.js:118:9)
      at TestingModuleBuilder.compile (../../../node_modules/@nestjs/testing/testing-module.builder.js:74:9)
      at Object.<anonymous> (modules/businesses/businesses.service.spec.ts:85:35)

  ● BusinessesService › updateStatus › allows valid transition ACTIVE → ARCHIVED

    Nest can't resolve dependencies of the BusinessesService (BusinessesRepository, AuditService, ?, GoogleReviewDetectionQueue, WhatsAppBspService). Please make sure that the argument GoogleReviewsProvider at index [2] is available in the RootTestModule module.

    Potential solutions:
    - Is RootTestModule a valid NestJS module?
    - If GoogleReviewsProvider is a provider, is it part of the current RootTestModule?
    - If GoogleReviewsProvider is exported from a separate @Module, is that module imported within RootTestModule?
      @Module({
        imports: [ /* the Module containing GoogleReviewsProvider */ ]
      })

    For more common dependency resolution issues, see: https://docs.nestjs.com/faq/common-errors

    [0m [90m 83 |[39m   beforeEach([36masync[39m () [33m=>[39m {
     [90m 84 |[39m     jest[33m.[39mclearAllMocks()[33m;[39m
    [31m[1m>[22m[39m[90m 85 |[39m     [36mconst[39m module[33m:[39m [33mTestingModule[39m [33m=[39m [36mawait[39m [33mTest[39m[33m.[39mcreateTestingModule({
     [90m    |[39m                                   [31m[1m^[22m[39m
     [90m 86 |[39m       providers[33m:[39m [
     [90m 87 |[39m         [33mBusinessesService[39m[33m,[39m
     [90m 88 |[39m         { provide[33m:[39m [33mBusinessesRepository[39m[33m,[39m useValue[33m:[39m mockRepository }[33m,[39m[0m

      at TestingInjector.lookupComponentInParentModules (../../../node_modules/@nestjs/core/injector/injector.js:290:19)
      at TestingInjector.resolveComponentWrapper (../../../node_modules/@nestjs/testing/testing-injector.js:19:45)
      at resolveParam (../../../node_modules/@nestjs/core/injector/injector.js:140:38)
          at async Promise.all (index 2)
      at TestingInjector.resolveConstructorParams (../../../node_modules/@nestjs/core/injector/injector.js:169:27)
      at TestingInjector.loadInstance (../../../node_modules/@nestjs/core/injector/injector.js:75:13)
      at TestingInjector.loadProvider (../../../node_modules/@nestjs/core/injector/injector.js:103:9)
      at ../../../node_modules/@nestjs/core/injector/instance-loader.js:56:13
          at async Promise.all (index 3)
      at TestingInstanceLoader.createInstancesOfProviders (../../../node_modules/@nestjs/core/injector/instance-loader.js:55:9)
      at ../../../node_modules/@nestjs/core/injector/instance-loader.js:40:13
          at async Promise.all (index 1)
      at TestingInstanceLoader.createInstances (../../../node_modules/@nestjs/core/injector/instance-loader.js:39:9)
      at TestingInstanceLoader.createInstancesOfDependencies (../../../node_modules/@nestjs/core/injector/instance-loader.js:22:13)
      at TestingInstanceLoader.createInstancesOfDependencies (../../../node_modules/@nestjs/testing/testing-instance-loader.js:9:9)
      at TestingModuleBuilder.createInstancesOfDependencies (../../../node_modules/@nestjs/testing/testing-module.builder.js:118:9)
      at TestingModuleBuilder.compile (../../../node_modules/@nestjs/testing/testing-module.builder.js:74:9)
      at Object.<anonymous> (modules/businesses/businesses.service.spec.ts:85:35)

  ● BusinessesService › updateStatus › rejects invalid transition DRAFT → ARCHIVED

    Nest can't resolve dependencies of the BusinessesService (BusinessesRepository, AuditService, ?, GoogleReviewDetectionQueue, WhatsAppBspService). Please make sure that the argument GoogleReviewsProvider at index [2] is available in the RootTestModule module.

    Potential solutions:
    - Is RootTestModule a valid NestJS module?
    - If GoogleReviewsProvider is a provider, is it part of the current RootTestModule?
    - If GoogleReviewsProvider is exported from a separate @Module, is that module imported within RootTestModule?
      @Module({
        imports: [ /* the Module containing GoogleReviewsProvider */ ]
      })

    For more common dependency resolution issues, see: https://docs.nestjs.com/faq/common-errors

    [0m [90m 83 |[39m   beforeEach([36masync[39m () [33m=>[39m {
     [90m 84 |[39m     jest[33m.[39mclearAllMocks()[33m;[39m
    [31m[1m>[22m[39m[90m 85 |[39m     [36mconst[39m module[33m:[39m [33mTestingModule[39m [33m=[39m [36mawait[39m [33mTest[39m[33m.[39mcreateTestingModule({
     [90m    |[39m                                   [31m[1m^[22m[39m
     [90m 86 |[39m       providers[33m:[39m [
     [90m 87 |[39m         [33mBusinessesService[39m[33m,[39m
     [90m 88 |[39m         { provide[33m:[39m [33mBusinessesRepository[39m[33m,[39m useValue[33m:[39m mockRepository }[33m,[39m[0m

      at TestingInjector.lookupComponentInParentModules (../../../node_modules/@nestjs/core/injector/injector.js:290:19)
      at TestingInjector.resolveComponentWrapper (../../../node_modules/@nestjs/testing/testing-injector.js:19:45)
      at resolveParam (../../../node_modules/@nestjs/core/injector/injector.js:140:38)
          at async Promise.all (index 2)
      at TestingInjector.resolveConstructorParams (../../../node_modules/@nestjs/core/injector/injector.js:169:27)
      at TestingInjector.loadInstance (../../../node_modules/@nestjs/core/injector/injector.js:75:13)
      at TestingInjector.loadProvider (../../../node_modules/@nestjs/core/injector/injector.js:103:9)
      at ../../../node_modules/@nestjs/core/injector/instance-loader.js:56:13
          at async Promise.all (index 3)
      at TestingInstanceLoader.createInstancesOfProviders (../../../node_modules/@nestjs/core/injector/instance-loader.js:55:9)
      at ../../../node_modules/@nestjs/core/injector/instance-loader.js:40:13
          at async Promise.all (index 1)
      at TestingInstanceLoader.createInstances (../../../node_modules/@nestjs/core/injector/instance-loader.js:39:9)
      at TestingInstanceLoader.createInstancesOfDependencies (../../../node_modules/@nestjs/core/injector/instance-loader.js:22:13)
      at TestingInstanceLoader.createInstancesOfDependencies (../../../node_modules/@nestjs/testing/testing-instance-loader.js:9:9)
      at TestingModuleBuilder.createInstancesOfDependencies (../../../node_modules/@nestjs/testing/testing-module.builder.js:118:9)
      at TestingModuleBuilder.compile (../../../node_modules/@nestjs/testing/testing-module.builder.js:74:9)
      at Object.<anonymous> (modules/businesses/businesses.service.spec.ts:85:35)

  ● BusinessesService › updateStatus › rejects any transition from ARCHIVED (terminal state)

    Nest can't resolve dependencies of the BusinessesService (BusinessesRepository, AuditService, ?, GoogleReviewDetectionQueue, WhatsAppBspService). Please make sure that the argument GoogleReviewsProvider at index [2] is available in the RootTestModule module.

    Potential solutions:
    - Is RootTestModule a valid NestJS module?
    - If GoogleReviewsProvider is a provider, is it part of the current RootTestModule?
    - If GoogleReviewsProvider is exported from a separate @Module, is that module imported within RootTestModule?
      @Module({
        imports: [ /* the Module containing GoogleReviewsProvider */ ]
      })

    For more common dependency resolution issues, see: https://docs.nestjs.com/faq/common-errors

    [0m [90m 83 |[39m   beforeEach([36masync[39m () [33m=>[39m {
     [90m 84 |[39m     jest[33m.[39mclearAllMocks()[33m;[39m
    [31m[1m>[22m[39m[90m 85 |[39m     [36mconst[39m module[33m:[39m [33mTestingModule[39m [33m=[39m [36mawait[39m [33mTest[39m[33m.[39mcreateTestingModule({
     [90m    |[39m                                   [31m[1m^[22m[39m
     [90m 86 |[39m       providers[33m:[39m [
     [90m 87 |[39m         [33mBusinessesService[39m[33m,[39m
     [90m 88 |[39m         { provide[33m:[39m [33mBusinessesRepository[39m[33m,[39m useValue[33m:[39m mockRepository }[33m,[39m[0m

      at TestingInjector.lookupComponentInParentModules (../../../node_modules/@nestjs/core/injector/injector.js:290:19)
      at TestingInjector.resolveComponentWrapper (../../../node_modules/@nestjs/testing/testing-injector.js:19:45)
      at resolveParam (../../../node_modules/@nestjs/core/injector/injector.js:140:38)
          at async Promise.all (index 2)
      at TestingInjector.resolveConstructorParams (../../../node_modules/@nestjs/core/injector/injector.js:169:27)
      at TestingInjector.loadInstance (../../../node_modules/@nestjs/core/injector/injector.js:75:13)
      at TestingInjector.loadProvider (../../../node_modules/@nestjs/core/injector/injector.js:103:9)
      at ../../../node_modules/@nestjs/core/injector/instance-loader.js:56:13
          at async Promise.all (index 3)
      at TestingInstanceLoader.createInstancesOfProviders (../../../node_modules/@nestjs/core/injector/instance-loader.js:55:9)
      at ../../../node_modules/@nestjs/core/injector/instance-loader.js:40:13
          at async Promise.all (index 1)
      at TestingInstanceLoader.createInstances (../../../node_modules/@nestjs/core/injector/instance-loader.js:39:9)
      at TestingInstanceLoader.createInstancesOfDependencies (../../../node_modules/@nestjs/core/injector/instance-loader.js:22:13)
      at TestingInstanceLoader.createInstancesOfDependencies (../../../node_modules/@nestjs/testing/testing-instance-loader.js:9:9)
      at TestingModuleBuilder.createInstancesOfDependencies (../../../node_modules/@nestjs/testing/testing-module.builder.js:118:9)
      at TestingModuleBuilder.compile (../../../node_modules/@nestjs/testing/testing-module.builder.js:74:9)
      at Object.<anonymous> (modules/businesses/businesses.service.spec.ts:85:35)

  ● BusinessesService › updateStatus › rejects invalid transition DRAFT → SUSPENDED

    Nest can't resolve dependencies of the BusinessesService (BusinessesRepository, AuditService, ?, GoogleReviewDetectionQueue, WhatsAppBspService). Please make sure that the argument GoogleReviewsProvider at index [2] is available in the RootTestModule module.

    Potential solutions:
    - Is RootTestModule a valid NestJS module?
    - If GoogleReviewsProvider is a provider, is it part of the current RootTestModule?
    - If GoogleReviewsProvider is exported from a separate @Module, is that module imported within RootTestModule?
      @Module({
        imports: [ /* the Module containing GoogleReviewsProvider */ ]
      })

    For more common dependency resolution issues, see: https://docs.nestjs.com/faq/common-errors

    [0m [90m 83 |[39m   beforeEach([36masync[39m () [33m=>[39m {
     [90m 84 |[39m     jest[33m.[39mclearAllMocks()[33m;[39m
    [31m[1m>[22m[39m[90m 85 |[39m     [36mconst[39m module[33m:[39m [33mTestingModule[39m [33m=[39m [36mawait[39m [33mTest[39m[33m.[39mcreateTestingModule({
     [90m    |[39m                                   [31m[1m^[22m[39m
     [90m 86 |[39m       providers[33m:[39m [
     [90m 87 |[39m         [33mBusinessesService[39m[33m,[39m
     [90m 88 |[39m         { provide[33m:[39m [33mBusinessesRepository[39m[33m,[39m useValue[33m:[39m mockRepository }[33m,[39m[0m

      at TestingInjector.lookupComponentInParentModules (../../../node_modules/@nestjs/core/injector/injector.js:290:19)
      at TestingInjector.resolveComponentWrapper (../../../node_modules/@nestjs/testing/testing-injector.js:19:45)
      at resolveParam (../../../node_modules/@nestjs/core/injector/injector.js:140:38)
          at async Promise.all (index 2)
      at TestingInjector.resolveConstructorParams (../../../node_modules/@nestjs/core/injector/injector.js:169:27)
      at TestingInjector.loadInstance (../../../node_modules/@nestjs/core/injector/injector.js:75:13)
      at TestingInjector.loadProvider (../../../node_modules/@nestjs/core/injector/injector.js:103:9)
      at ../../../node_modules/@nestjs/core/injector/instance-loader.js:56:13
          at async Promise.all (index 3)
      at TestingInstanceLoader.createInstancesOfProviders (../../../node_modules/@nestjs/core/injector/instance-loader.js:55:9)
      at ../../../node_modules/@nestjs/core/injector/instance-loader.js:40:13
          at async Promise.all (index 1)
      at TestingInstanceLoader.createInstances (../../../node_modules/@nestjs/core/injector/instance-loader.js:39:9)
      at TestingInstanceLoader.createInstancesOfDependencies (../../../node_modules/@nestjs/core/injector/instance-loader.js:22:13)
      at TestingInstanceLoader.createInstancesOfDependencies (../../../node_modules/@nestjs/testing/testing-instance-loader.js:9:9)
      at TestingModuleBuilder.createInstancesOfDependencies (../../../node_modules/@nestjs/testing/testing-module.builder.js:118:9)
      at TestingModuleBuilder.compile (../../../node_modules/@nestjs/testing/testing-module.builder.js:74:9)
      at Object.<anonymous> (modules/businesses/businesses.service.spec.ts:85:35)

  ● BusinessesService › updateStatus › throws NotFoundException if business does not exist

    Nest can't resolve dependencies of the BusinessesService (BusinessesRepository, AuditService, ?, GoogleReviewDetectionQueue, WhatsAppBspService). Please make sure that the argument GoogleReviewsProvider at index [2] is available in the RootTestModule module.

    Potential solutions:
    - Is RootTestModule a valid NestJS module?
    - If GoogleReviewsProvider is a provider, is it part of the current RootTestModule?
    - If GoogleReviewsProvider is exported from a separate @Module, is that module imported within RootTestModule?
      @Module({
        imports: [ /* the Module containing GoogleReviewsProvider */ ]
      })

    For more common dependency resolution issues, see: https://docs.nestjs.com/faq/common-errors

    [0m [90m 83 |[39m   beforeEach([36masync[39m () [33m=>[39m {
     [90m 84 |[39m     jest[33m.[39mclearAllMocks()[33m;[39m
    [31m[1m>[22m[39m[90m 85 |[39m     [36mconst[39m module[33m:[39m [33mTestingModule[39m [33m=[39m [36mawait[39m [33mTest[39m[33m.[39mcreateTestingModule({
     [90m    |[39m                                   [31m[1m^[22m[39m
     [90m 86 |[39m       providers[33m:[39m [
     [90m 87 |[39m         [33mBusinessesService[39m[33m,[39m
     [90m 88 |[39m         { provide[33m:[39m [33mBusinessesRepository[39m[33m,[39m useValue[33m:[39m mockRepository }[33m,[39m[0m

      at TestingInjector.lookupComponentInParentModules (../../../node_modules/@nestjs/core/injector/injector.js:290:19)
      at TestingInjector.resolveComponentWrapper (../../../node_modules/@nestjs/testing/testing-injector.js:19:45)
      at resolveParam (../../../node_modules/@nestjs/core/injector/injector.js:140:38)
          at async Promise.all (index 2)
      at TestingInjector.resolveConstructorParams (../../../node_modules/@nestjs/core/injector/injector.js:169:27)
      at TestingInjector.loadInstance (../../../node_modules/@nestjs/core/injector/injector.js:75:13)
      at TestingInjector.loadProvider (../../../node_modules/@nestjs/core/injector/injector.js:103:9)
      at ../../../node_modules/@nestjs/core/injector/instance-loader.js:56:13
          at async Promise.all (index 3)
      at TestingInstanceLoader.createInstancesOfProviders (../../../node_modules/@nestjs/core/injector/instance-loader.js:55:9)
      at ../../../node_modules/@nestjs/core/injector/instance-loader.js:40:13
          at async Promise.all (index 1)
      at TestingInstanceLoader.createInstances (../../../node_modules/@nestjs/core/injector/instance-loader.js:39:9)
      at TestingInstanceLoader.createInstancesOfDependencies (../../../node_modules/@nestjs/core/injector/instance-loader.js:22:13)
      at TestingInstanceLoader.createInstancesOfDependencies (../../../node_modules/@nestjs/testing/testing-instance-loader.js:9:9)
      at TestingModuleBuilder.createInstancesOfDependencies (../../../node_modules/@nestjs/testing/testing-module.builder.js:118:9)
      at TestingModuleBuilder.compile (../../../node_modules/@nestjs/testing/testing-module.builder.js:74:9)
      at Object.<anonymous> (modules/businesses/businesses.service.spec.ts:85:35)

FAIL src/modules/auth/auth.service.spec.ts
  ● AuthService › signup › creates an account and returns an active business membership for dashboard access

    Nest can't resolve dependencies of the AuthService (AuthRepository, JwtService, ?). Please make sure that the argument EmailService at index [2] is available in the RootTestModule module.

    Potential solutions:
    - Is RootTestModule a valid NestJS module?
    - If EmailService is a provider, is it part of the current RootTestModule?
    - If EmailService is exported from a separate @Module, is that module imported within RootTestModule?
      @Module({
        imports: [ /* the Module containing EmailService */ ]
      })

    For more common dependency resolution issues, see: https://docs.nestjs.com/faq/common-errors

    [0m [90m 34 |[39m     jest[33m.[39mclearAllMocks()[33m;[39m
     [90m 35 |[39m     process[33m.[39menv[33m.[39m[33mNODE_ENV[39m [33m=[39m originalNodeEnv[33m;[39m
    [31m[1m>[22m[39m[90m 36 |[39m     [36mconst[39m module[33m:[39m [33mTestingModule[39m [33m=[39m [36mawait[39m [33mTest[39m[33m.[39mcreateTestingModule({
     [90m    |[39m                                   [31m[1m^[22m[39m
     [90m 37 |[39m       providers[33m:[39m [
     [90m 38 |[39m         [33mAuthService[39m[33m,[39m
     [90m 39 |[39m         { provide[33m:[39m [33mAuthRepository[39m[33m,[39m useValue[33m:[39m mockRepository }[33m,[39m[0m

      at TestingInjector.lookupComponentInParentModules (../../../node_modules/@nestjs/core/injector/injector.js:290:19)
      at TestingInjector.resolveComponentWrapper (../../../node_modules/@nestjs/testing/testing-injector.js:19:45)
      at resolveParam (../../../node_modules/@nestjs/core/injector/injector.js:140:38)
          at async Promise.all (index 2)
      at TestingInjector.resolveConstructorParams (../../../node_modules/@nestjs/core/injector/injector.js:169:27)
      at TestingInjector.loadInstance (../../../node_modules/@nestjs/core/injector/injector.js:75:13)
      at TestingInjector.loadProvider (../../../node_modules/@nestjs/core/injector/injector.js:103:9)
      at ../../../node_modules/@nestjs/core/injector/instance-loader.js:56:13
          at async Promise.all (index 3)
      at TestingInstanceLoader.createInstancesOfProviders (../../../node_modules/@nestjs/core/injector/instance-loader.js:55:9)
      at ../../../node_modules/@nestjs/core/injector/instance-loader.js:40:13
          at async Promise.all (index 1)
      at TestingInstanceLoader.createInstances (../../../node_modules/@nestjs/core/injector/instance-loader.js:39:9)
      at TestingInstanceLoader.createInstancesOfDependencies (../../../node_modules/@nestjs/core/injector/instance-loader.js:22:13)
      at TestingInstanceLoader.createInstancesOfDependencies (../../../node_modules/@nestjs/testing/testing-instance-loader.js:9:9)
      at TestingModuleBuilder.createInstancesOfDependencies (../../../node_modules/@nestjs/testing/testing-module.builder.js:118:9)
      at TestingModuleBuilder.compile (../../../node_modules/@nestjs/testing/testing-module.builder.js:74:9)
      at Object.<anonymous> (modules/auth/auth.service.spec.ts:36:35)

  ● AuthService › login › throws UnauthorizedException when user not found

    Nest can't resolve dependencies of the AuthService (AuthRepository, JwtService, ?). Please make sure that the argument EmailService at index [2] is available in the RootTestModule module.

    Potential solutions:
    - Is RootTestModule a valid NestJS module?
    - If EmailService is a provider, is it part of the current RootTestModule?
    - If EmailService is exported from a separate @Module, is that module imported within RootTestModule?
      @Module({
        imports: [ /* the Module containing EmailService */ ]
      })

    For more common dependency resolution issues, see: https://docs.nestjs.com/faq/common-errors

    [0m [90m 34 |[39m     jest[33m.[39mclearAllMocks()[33m;[39m
     [90m 35 |[39m     process[33m.[39menv[33m.[39m[33mNODE_ENV[39m [33m=[39m originalNodeEnv[33m;[39m
    [31m[1m>[22m[39m[90m 36 |[39m     [36mconst[39m module[33m:[39m [33mTestingModule[39m [33m=[39m [36mawait[39m [33mTest[39m[33m.[39mcreateTestingModule({
     [90m    |[39m                                   [31m[1m^[22m[39m
     [90m 37 |[39m       providers[33m:[39m [
     [90m 38 |[39m         [33mAuthService[39m[33m,[39m
     [90m 39 |[39m         { provide[33m:[39m [33mAuthRepository[39m[33m,[39m useValue[33m:[39m mockRepository }[33m,[39m[0m

      at TestingInjector.lookupComponentInParentModules (../../../node_modules/@nestjs/core/injector/injector.js:290:19)
      at TestingInjector.resolveComponentWrapper (../../../node_modules/@nestjs/testing/testing-injector.js:19:45)
      at resolveParam (../../../node_modules/@nestjs/core/injector/injector.js:140:38)
          at async Promise.all (index 2)
      at TestingInjector.resolveConstructorParams (../../../node_modules/@nestjs/core/injector/injector.js:169:27)
      at TestingInjector.loadInstance (../../../node_modules/@nestjs/core/injector/injector.js:75:13)
      at TestingInjector.loadProvider (../../../node_modules/@nestjs/core/injector/injector.js:103:9)
      at ../../../node_modules/@nestjs/core/injector/instance-loader.js:56:13
          at async Promise.all (index 3)
      at TestingInstanceLoader.createInstancesOfProviders (../../../node_modules/@nestjs/core/injector/instance-loader.js:55:9)
      at ../../../node_modules/@nestjs/core/injector/instance-loader.js:40:13
          at async Promise.all (index 1)
      at TestingInstanceLoader.createInstances (../../../node_modules/@nestjs/core/injector/instance-loader.js:39:9)
      at TestingInstanceLoader.createInstancesOfDependencies (../../../node_modules/@nestjs/core/injector/instance-loader.js:22:13)
      at TestingInstanceLoader.createInstancesOfDependencies (../../../node_modules/@nestjs/testing/testing-instance-loader.js:9:9)
      at TestingModuleBuilder.createInstancesOfDependencies (../../../node_modules/@nestjs/testing/testing-module.builder.js:118:9)
      at TestingModuleBuilder.compile (../../../node_modules/@nestjs/testing/testing-module.builder.js:74:9)
      at Object.<anonymous> (modules/auth/auth.service.spec.ts:36:35)

  ● AuthService › login › throws UnauthorizedException when user is inactive

    Nest can't resolve dependencies of the AuthService (AuthRepository, JwtService, ?). Please make sure that the argument EmailService at index [2] is available in the RootTestModule module.

    Potential solutions:
    - Is RootTestModule a valid NestJS module?
    - If EmailService is a provider, is it part of the current RootTestModule?
    - If EmailService is exported from a separate @Module, is that module imported within RootTestModule?
      @Module({
        imports: [ /* the Module containing EmailService */ ]
      })

    For more common dependency resolution issues, see: https://docs.nestjs.com/faq/common-errors

    [0m [90m 34 |[39m     jest[33m.[39mclearAllMocks()[33m;[39m
     [90m 35 |[39m     process[33m.[39menv[33m.[39m[33mNODE_ENV[39m [33m=[39m originalNodeEnv[33m;[39m
    [31m[1m>[22m[39m[90m 36 |[39m     [36mconst[39m module[33m:[39m [33mTestingModule[39m [33m=[39m [36mawait[39m [33mTest[39m[33m.[39mcreateTestingModule({
     [90m    |[39m                                   [31m[1m^[22m[39m
     [90m 37 |[39m       providers[33m:[39m [
     [90m 38 |[39m         [33mAuthService[39m[33m,[39m
     [90m 39 |[39m         { provide[33m:[39m [33mAuthRepository[39m[33m,[39m useValue[33m:[39m mockRepository }[33m,[39m[0m

      at TestingInjector.lookupComponentInParentModules (../../../node_modules/@nestjs/core/injector/injector.js:290:19)
      at TestingInjector.resolveComponentWrapper (../../../node_modules/@nestjs/testing/testing-injector.js:19:45)
      at resolveParam (../../../node_modules/@nestjs/core/injector/injector.js:140:38)
          at async Promise.all (index 2)
      at TestingInjector.resolveConstructorParams (../../../node_modules/@nestjs/core/injector/injector.js:169:27)
      at TestingInjector.loadInstance (../../../node_modules/@nestjs/core/injector/injector.js:75:13)
      at TestingInjector.loadProvider (../../../node_modules/@nestjs/core/injector/injector.js:103:9)
      at ../../../node_modules/@nestjs/core/injector/instance-loader.js:56:13
          at async Promise.all (index 3)
      at TestingInstanceLoader.createInstancesOfProviders (../../../node_modules/@nestjs/core/injector/instance-loader.js:55:9)
      at ../../../node_modules/@nestjs/core/injector/instance-loader.js:40:13
          at async Promise.all (index 1)
      at TestingInstanceLoader.createInstances (../../../node_modules/@nestjs/core/injector/instance-loader.js:39:9)
      at TestingInstanceLoader.createInstancesOfDependencies (../../../node_modules/@nestjs/core/injector/instance-loader.js:22:13)
      at TestingInstanceLoader.createInstancesOfDependencies (../../../node_modules/@nestjs/testing/testing-instance-loader.js:9:9)
      at TestingModuleBuilder.createInstancesOfDependencies (../../../node_modules/@nestjs/testing/testing-module.builder.js:118:9)
      at TestingModuleBuilder.compile (../../../node_modules/@nestjs/testing/testing-module.builder.js:74:9)
      at Object.<anonymous> (modules/auth/auth.service.spec.ts:36:35)

  ● AuthService › login › throws UnauthorizedException on wrong password

    Nest can't resolve dependencies of the AuthService (AuthRepository, JwtService, ?). Please make sure that the argument EmailService at index [2] is available in the RootTestModule module.

    Potential solutions:
    - Is RootTestModule a valid NestJS module?
    - If EmailService is a provider, is it part of the current RootTestModule?
    - If EmailService is exported from a separate @Module, is that module imported within RootTestModule?
      @Module({
        imports: [ /* the Module containing EmailService */ ]
      })

    For more common dependency resolution issues, see: https://docs.nestjs.com/faq/common-errors

    [0m [90m 34 |[39m     jest[33m.[39mclearAllMocks()[33m;[39m
     [90m 35 |[39m     process[33m.[39menv[33m.[39m[33mNODE_ENV[39m [33m=[39m originalNodeEnv[33m;[39m
    [31m[1m>[22m[39m[90m 36 |[39m     [36mconst[39m module[33m:[39m [33mTestingModule[39m [33m=[39m [36mawait[39m [33mTest[39m[33m.[39mcreateTestingModule({
     [90m    |[39m                                   [31m[1m^[22m[39m
     [90m 37 |[39m       providers[33m:[39m [
     [90m 38 |[39m         [33mAuthService[39m[33m,[39m
     [90m 39 |[39m         { provide[33m:[39m [33mAuthRepository[39m[33m,[39m useValue[33m:[39m mockRepository }[33m,[39m[0m

      at TestingInjector.lookupComponentInParentModules (../../../node_modules/@nestjs/core/injector/injector.js:290:19)
      at TestingInjector.resolveComponentWrapper (../../../node_modules/@nestjs/testing/testing-injector.js:19:45)
      at resolveParam (../../../node_modules/@nestjs/core/injector/injector.js:140:38)
          at async Promise.all (index 2)
      at TestingInjector.resolveConstructorParams (../../../node_modules/@nestjs/core/injector/injector.js:169:27)
      at TestingInjector.loadInstance (../../../node_modules/@nestjs/core/injector/injector.js:75:13)
      at TestingInjector.loadProvider (../../../node_modules/@nestjs/core/injector/injector.js:103:9)
      at ../../../node_modules/@nestjs/core/injector/instance-loader.js:56:13
          at async Promise.all (index 3)
      at TestingInstanceLoader.createInstancesOfProviders (../../../node_modules/@nestjs/core/injector/instance-loader.js:55:9)
      at ../../../node_modules/@nestjs/core/injector/instance-loader.js:40:13
          at async Promise.all (index 1)
      at TestingInstanceLoader.createInstances (../../../node_modules/@nestjs/core/injector/instance-loader.js:39:9)
      at TestingInstanceLoader.createInstancesOfDependencies (../../../node_modules/@nestjs/core/injector/instance-loader.js:22:13)
      at TestingInstanceLoader.createInstancesOfDependencies (../../../node_modules/@nestjs/testing/testing-instance-loader.js:9:9)
      at TestingModuleBuilder.createInstancesOfDependencies (../../../node_modules/@nestjs/testing/testing-module.builder.js:118:9)
      at TestingModuleBuilder.compile (../../../node_modules/@nestjs/testing/testing-module.builder.js:74:9)
      at Object.<anonymous> (modules/auth/auth.service.spec.ts:36:35)

  ● AuthService › login › returns tokens and memberships on valid credentials

    Nest can't resolve dependencies of the AuthService (AuthRepository, JwtService, ?). Please make sure that the argument EmailService at index [2] is available in the RootTestModule module.

    Potential solutions:
    - Is RootTestModule a valid NestJS module?
    - If EmailService is a provider, is it part of the current RootTestModule?
    - If EmailService is exported from a separate @Module, is that module imported within RootTestModule?
      @Module({
        imports: [ /* the Module containing EmailService */ ]
      })

    For more common dependency resolution issues, see: https://docs.nestjs.com/faq/common-errors

    [0m [90m 34 |[39m     jest[33m.[39mclearAllMocks()[33m;[39m
     [90m 35 |[39m     process[33m.[39menv[33m.[39m[33mNODE_ENV[39m [33m=[39m originalNodeEnv[33m;[39m
    [31m[1m>[22m[39m[90m 36 |[39m     [36mconst[39m module[33m:[39m [33mTestingModule[39m [33m=[39m [36mawait[39m [33mTest[39m[33m.[39mcreateTestingModule({
     [90m    |[39m                                   [31m[1m^[22m[39m
     [90m 37 |[39m       providers[33m:[39m [
     [90m 38 |[39m         [33mAuthService[39m[33m,[39m
     [90m 39 |[39m         { provide[33m:[39m [33mAuthRepository[39m[33m,[39m useValue[33m:[39m mockRepository }[33m,[39m[0m

      at TestingInjector.lookupComponentInParentModules (../../../node_modules/@nestjs/core/injector/injector.js:290:19)
      at TestingInjector.resolveComponentWrapper (../../../node_modules/@nestjs/testing/testing-injector.js:19:45)
      at resolveParam (../../../node_modules/@nestjs/core/injector/injector.js:140:38)
          at async Promise.all (index 2)
      at TestingInjector.resolveConstructorParams (../../../node_modules/@nestjs/core/injector/injector.js:169:27)
      at TestingInjector.loadInstance (../../../node_modules/@nestjs/core/injector/injector.js:75:13)
      at TestingInjector.loadProvider (../../../node_modules/@nestjs/core/injector/injector.js:103:9)
      at ../../../node_modules/@nestjs/core/injector/instance-loader.js:56:13
          at async Promise.all (index 3)
      at TestingInstanceLoader.createInstancesOfProviders (../../../node_modules/@nestjs/core/injector/instance-loader.js:55:9)
      at ../../../node_modules/@nestjs/core/injector/instance-loader.js:40:13
          at async Promise.all (index 1)
      at TestingInstanceLoader.createInstances (../../../node_modules/@nestjs/core/injector/instance-loader.js:39:9)
      at TestingInstanceLoader.createInstancesOfDependencies (../../../node_modules/@nestjs/core/injector/instance-loader.js:22:13)
      at TestingInstanceLoader.createInstancesOfDependencies (../../../node_modules/@nestjs/testing/testing-instance-loader.js:9:9)
      at TestingModuleBuilder.createInstancesOfDependencies (../../../node_modules/@nestjs/testing/testing-module.builder.js:118:9)
      at TestingModuleBuilder.compile (../../../node_modules/@nestjs/testing/testing-module.builder.js:74:9)
      at Object.<anonymous> (modules/auth/auth.service.spec.ts:36:35)

  ● AuthService › logout › revokes the session associated with the refresh token

    Nest can't resolve dependencies of the AuthService (AuthRepository, JwtService, ?). Please make sure that the argument EmailService at index [2] is available in the RootTestModule module.

    Potential solutions:
    - Is RootTestModule a valid NestJS module?
    - If EmailService is a provider, is it part of the current RootTestModule?
    - If EmailService is exported from a separate @Module, is that module imported within RootTestModule?
      @Module({
        imports: [ /* the Module containing EmailService */ ]
      })

    For more common dependency resolution issues, see: https://docs.nestjs.com/faq/common-errors

    [0m [90m 34 |[39m     jest[33m.[39mclearAllMocks()[33m;[39m
     [90m 35 |[39m     process[33m.[39menv[33m.[39m[33mNODE_ENV[39m [33m=[39m originalNodeEnv[33m;[39m
    [31m[1m>[22m[39m[90m 36 |[39m     [36mconst[39m module[33m:[39m [33mTestingModule[39m [33m=[39m [36mawait[39m [33mTest[39m[33m.[39mcreateTestingModule({
     [90m    |[39m                                   [31m[1m^[22m[39m
     [90m 37 |[39m       providers[33m:[39m [
     [90m 38 |[39m         [33mAuthService[39m[33m,[39m
     [90m 39 |[39m         { provide[33m:[39m [33mAuthRepository[39m[33m,[39m useValue[33m:[39m mockRepository }[33m,[39m[0m

      at TestingInjector.lookupComponentInParentModules (../../../node_modules/@nestjs/core/injector/injector.js:290:19)
      at TestingInjector.resolveComponentWrapper (../../../node_modules/@nestjs/testing/testing-injector.js:19:45)
      at resolveParam (../../../node_modules/@nestjs/core/injector/injector.js:140:38)
          at async Promise.all (index 2)
      at TestingInjector.resolveConstructorParams (../../../node_modules/@nestjs/core/injector/injector.js:169:27)
      at TestingInjector.loadInstance (../../../node_modules/@nestjs/core/injector/injector.js:75:13)
      at TestingInjector.loadProvider (../../../node_modules/@nestjs/core/injector/injector.js:103:9)
      at ../../../node_modules/@nestjs/core/injector/instance-loader.js:56:13
          at async Promise.all (index 3)
      at TestingInstanceLoader.createInstancesOfProviders (../../../node_modules/@nestjs/core/injector/instance-loader.js:55:9)
      at ../../../node_modules/@nestjs/core/injector/instance-loader.js:40:13
          at async Promise.all (index 1)
      at TestingInstanceLoader.createInstances (../../../node_modules/@nestjs/core/injector/instance-loader.js:39:9)
      at TestingInstanceLoader.createInstancesOfDependencies (../../../node_modules/@nestjs/core/injector/instance-loader.js:22:13)
      at TestingInstanceLoader.createInstancesOfDependencies (../../../node_modules/@nestjs/testing/testing-instance-loader.js:9:9)
      at TestingModuleBuilder.createInstancesOfDependencies (../../../node_modules/@nestjs/testing/testing-module.builder.js:118:9)
      at TestingModuleBuilder.compile (../../../node_modules/@nestjs/testing/testing-module.builder.js:74:9)
      at Object.<anonymous> (modules/auth/auth.service.spec.ts:36:35)

  ● AuthService › forgotPassword › returns generic message when user not found (no email enumeration)

    Nest can't resolve dependencies of the AuthService (AuthRepository, JwtService, ?). Please make sure that the argument EmailService at index [2] is available in the RootTestModule module.

    Potential solutions:
    - Is RootTestModule a valid NestJS module?
    - If EmailService is a provider, is it part of the current RootTestModule?
    - If EmailService is exported from a separate @Module, is that module imported within RootTestModule?
      @Module({
        imports: [ /* the Module containing EmailService */ ]
      })

    For more common dependency resolution issues, see: https://docs.nestjs.com/faq/common-errors

    [0m [90m 34 |[39m     jest[33m.[39mclearAllMocks()[33m;[39m
     [90m 35 |[39m     process[33m.[39menv[33m.[39m[33mNODE_ENV[39m [33m=[39m originalNodeEnv[33m;[39m
    [31m[1m>[22m[39m[90m 36 |[39m     [36mconst[39m module[33m:[39m [33mTestingModule[39m [33m=[39m [36mawait[39m [33mTest[39m[33m.[39mcreateTestingModule({
     [90m    |[39m                                   [31m[1m^[22m[39m
     [90m 37 |[39m       providers[33m:[39m [
     [90m 38 |[39m         [33mAuthService[39m[33m,[39m
     [90m 39 |[39m         { provide[33m:[39m [33mAuthRepository[39m[33m,[39m useValue[33m:[39m mockRepository }[33m,[39m[0m

      at TestingInjector.lookupComponentInParentModules (../../../node_modules/@nestjs/core/injector/injector.js:290:19)
      at TestingInjector.resolveComponentWrapper (../../../node_modules/@nestjs/testing/testing-injector.js:19:45)
      at resolveParam (../../../node_modules/@nestjs/core/injector/injector.js:140:38)
          at async Promise.all (index 2)
      at TestingInjector.resolveConstructorParams (../../../node_modules/@nestjs/core/injector/injector.js:169:27)
      at TestingInjector.loadInstance (../../../node_modules/@nestjs/core/injector/injector.js:75:13)
      at TestingInjector.loadProvider (../../../node_modules/@nestjs/core/injector/injector.js:103:9)
      at ../../../node_modules/@nestjs/core/injector/instance-loader.js:56:13
          at async Promise.all (index 3)
      at TestingInstanceLoader.createInstancesOfProviders (../../../node_modules/@nestjs/core/injector/instance-loader.js:55:9)
      at ../../../node_modules/@nestjs/core/injector/instance-loader.js:40:13
          at async Promise.all (index 1)
      at TestingInstanceLoader.createInstances (../../../node_modules/@nestjs/core/injector/instance-loader.js:39:9)
      at TestingInstanceLoader.createInstancesOfDependencies (../../../node_modules/@nestjs/core/injector/instance-loader.js:22:13)
      at TestingInstanceLoader.createInstancesOfDependencies (../../../node_modules/@nestjs/testing/testing-instance-loader.js:9:9)
      at TestingModuleBuilder.createInstancesOfDependencies (../../../node_modules/@nestjs/testing/testing-module.builder.js:118:9)
      at TestingModuleBuilder.compile (../../../node_modules/@nestjs/testing/testing-module.builder.js:74:9)
      at Object.<anonymous> (modules/auth/auth.service.spec.ts:36:35)

  ● AuthService › forgotPassword › creates reset token and returns dev token in non-production

    Nest can't resolve dependencies of the AuthService (AuthRepository, JwtService, ?). Please make sure that the argument EmailService at index [2] is available in the RootTestModule module.

    Potential solutions:
    - Is RootTestModule a valid NestJS module?
    - If EmailService is a provider, is it part of the current RootTestModule?
    - If EmailService is exported from a separate @Module, is that module imported within RootTestModule?
      @Module({
        imports: [ /* the Module containing EmailService */ ]
      })

    For more common dependency resolution issues, see: https://docs.nestjs.com/faq/common-errors

    [0m [90m 34 |[39m     jest[33m.[39mclearAllMocks()[33m;[39m
     [90m 35 |[39m     process[33m.[39menv[33m.[39m[33mNODE_ENV[39m [33m=[39m originalNodeEnv[33m;[39m
    [31m[1m>[22m[39m[90m 36 |[39m     [36mconst[39m module[33m:[39m [33mTestingModule[39m [33m=[39m [36mawait[39m [33mTest[39m[33m.[39mcreateTestingModule({
     [90m    |[39m                                   [31m[1m^[22m[39m
     [90m 37 |[39m       providers[33m:[39m [
     [90m 38 |[39m         [33mAuthService[39m[33m,[39m
     [90m 39 |[39m         { provide[33m:[39m [33mAuthRepository[39m[33m,[39m useValue[33m:[39m mockRepository }[33m,[39m[0m

      at TestingInjector.lookupComponentInParentModules (../../../node_modules/@nestjs/core/injector/injector.js:290:19)
      at TestingInjector.resolveComponentWrapper (../../../node_modules/@nestjs/testing/testing-injector.js:19:45)
      at resolveParam (../../../node_modules/@nestjs/core/injector/injector.js:140:38)
          at async Promise.all (index 2)
      at TestingInjector.resolveConstructorParams (../../../node_modules/@nestjs/core/injector/injector.js:169:27)
      at TestingInjector.loadInstance (../../../node_modules/@nestjs/core/injector/injector.js:75:13)
      at TestingInjector.loadProvider (../../../node_modules/@nestjs/core/injector/injector.js:103:9)
      at ../../../node_modules/@nestjs/core/injector/instance-loader.js:56:13
          at async Promise.all (index 3)
      at TestingInstanceLoader.createInstancesOfProviders (../../../node_modules/@nestjs/core/injector/instance-loader.js:55:9)
      at ../../../node_modules/@nestjs/core/injector/instance-loader.js:40:13
          at async Promise.all (index 1)
      at TestingInstanceLoader.createInstances (../../../node_modules/@nestjs/core/injector/instance-loader.js:39:9)
      at TestingInstanceLoader.createInstancesOfDependencies (../../../node_modules/@nestjs/core/injector/instance-loader.js:22:13)
      at TestingInstanceLoader.createInstancesOfDependencies (../../../node_modules/@nestjs/testing/testing-instance-loader.js:9:9)
      at TestingModuleBuilder.createInstancesOfDependencies (../../../node_modules/@nestjs/testing/testing-module.builder.js:118:9)
      at TestingModuleBuilder.compile (../../../node_modules/@nestjs/testing/testing-module.builder.js:74:9)
      at Object.<anonymous> (modules/auth/auth.service.spec.ts:36:35)

  ● AuthService › forgotPassword › does not return reset token in production

    Nest can't resolve dependencies of the AuthService (AuthRepository, JwtService, ?). Please make sure that the argument EmailService at index [2] is available in the RootTestModule module.

    Potential solutions:
    - Is RootTestModule a valid NestJS module?
    - If EmailService is a provider, is it part of the current RootTestModule?
    - If EmailService is exported from a separate @Module, is that module imported within RootTestModule?
      @Module({
        imports: [ /* the Module containing EmailService */ ]
      })

    For more common dependency resolution issues, see: https://docs.nestjs.com/faq/common-errors

    [0m [90m 34 |[39m     jest[33m.[39mclearAllMocks()[33m;[39m
     [90m 35 |[39m     process[33m.[39menv[33m.[39m[33mNODE_ENV[39m [33m=[39m originalNodeEnv[33m;[39m
    [31m[1m>[22m[39m[90m 36 |[39m     [36mconst[39m module[33m:[39m [33mTestingModule[39m [33m=[39m [36mawait[39m [33mTest[39m[33m.[39mcreateTestingModule({
     [90m    |[39m                                   [31m[1m^[22m[39m
     [90m 37 |[39m       providers[33m:[39m [
     [90m 38 |[39m         [33mAuthService[39m[33m,[39m
     [90m 39 |[39m         { provide[33m:[39m [33mAuthRepository[39m[33m,[39m useValue[33m:[39m mockRepository }[33m,[39m[0m

      at TestingInjector.lookupComponentInParentModules (../../../node_modules/@nestjs/core/injector/injector.js:290:19)
      at TestingInjector.resolveComponentWrapper (../../../node_modules/@nestjs/testing/testing-injector.js:19:45)
      at resolveParam (../../../node_modules/@nestjs/core/injector/injector.js:140:38)
          at async Promise.all (index 2)
      at TestingInjector.resolveConstructorParams (../../../node_modules/@nestjs/core/injector/injector.js:169:27)
      at TestingInjector.loadInstance (../../../node_modules/@nestjs/core/injector/injector.js:75:13)
      at TestingInjector.loadProvider (../../../node_modules/@nestjs/core/injector/injector.js:103:9)
      at ../../../node_modules/@nestjs/core/injector/instance-loader.js:56:13
          at async Promise.all (index 3)
      at TestingInstanceLoader.createInstancesOfProviders (../../../node_modules/@nestjs/core/injector/instance-loader.js:55:9)
      at ../../../node_modules/@nestjs/core/injector/instance-loader.js:40:13
          at async Promise.all (index 1)
      at TestingInstanceLoader.createInstances (../../../node_modules/@nestjs/core/injector/instance-loader.js:39:9)
      at TestingInstanceLoader.createInstancesOfDependencies (../../../node_modules/@nestjs/core/injector/instance-loader.js:22:13)
      at TestingInstanceLoader.createInstancesOfDependencies (../../../node_modules/@nestjs/testing/testing-instance-loader.js:9:9)
      at TestingModuleBuilder.createInstancesOfDependencies (../../../node_modules/@nestjs/testing/testing-module.builder.js:118:9)
      at TestingModuleBuilder.compile (../../../node_modules/@nestjs/testing/testing-module.builder.js:74:9)
      at Object.<anonymous> (modules/auth/auth.service.spec.ts:36:35)

  ● AuthService › resetPassword › throws BadRequestException if token not found

    Nest can't resolve dependencies of the AuthService (AuthRepository, JwtService, ?). Please make sure that the argument EmailService at index [2] is available in the RootTestModule module.

    Potential solutions:
    - Is RootTestModule a valid NestJS module?
    - If EmailService is a provider, is it part of the current RootTestModule?
    - If EmailService is exported from a separate @Module, is that module imported within RootTestModule?
      @Module({
        imports: [ /* the Module containing EmailService */ ]
      })

    For more common dependency resolution issues, see: https://docs.nestjs.com/faq/common-errors

    [0m [90m 34 |[39m     jest[33m.[39mclearAllMocks()[33m;[39m
     [90m 35 |[39m     process[33m.[39menv[33m.[39m[33mNODE_ENV[39m [33m=[39m originalNodeEnv[33m;[39m
    [31m[1m>[22m[39m[90m 36 |[39m     [36mconst[39m module[33m:[39m [33mTestingModule[39m [33m=[39m [36mawait[39m [33mTest[39m[33m.[39mcreateTestingModule({
     [90m    |[39m                                   [31m[1m^[22m[39m
     [90m 37 |[39m       providers[33m:[39m [
     [90m 38 |[39m         [33mAuthService[39m[33m,[39m
     [90m 39 |[39m         { provide[33m:[39m [33mAuthRepository[39m[33m,[39m useValue[33m:[39m mockRepository }[33m,[39m[0m

      at TestingInjector.lookupComponentInParentModules (../../../node_modules/@nestjs/core/injector/injector.js:290:19)
      at TestingInjector.resolveComponentWrapper (../../../node_modules/@nestjs/testing/testing-injector.js:19:45)
      at resolveParam (../../../node_modules/@nestjs/core/injector/injector.js:140:38)
          at async Promise.all (index 2)
      at TestingInjector.resolveConstructorParams (../../../node_modules/@nestjs/core/injector/injector.js:169:27)
      at TestingInjector.loadInstance (../../../node_modules/@nestjs/core/injector/injector.js:75:13)
      at TestingInjector.loadProvider (../../../node_modules/@nestjs/core/injector/injector.js:103:9)
      at ../../../node_modules/@nestjs/core/injector/instance-loader.js:56:13
          at async Promise.all (index 3)
      at TestingInstanceLoader.createInstancesOfProviders (../../../node_modules/@nestjs/core/injector/instance-loader.js:55:9)
      at ../../../node_modules/@nestjs/core/injector/instance-loader.js:40:13
          at async Promise.all (index 1)
      at TestingInstanceLoader.createInstances (../../../node_modules/@nestjs/core/injector/instance-loader.js:39:9)
      at TestingInstanceLoader.createInstancesOfDependencies (../../../node_modules/@nestjs/core/injector/instance-loader.js:22:13)
      at TestingInstanceLoader.createInstancesOfDependencies (../../../node_modules/@nestjs/testing/testing-instance-loader.js:9:9)
      at TestingModuleBuilder.createInstancesOfDependencies (../../../node_modules/@nestjs/testing/testing-module.builder.js:118:9)
      at TestingModuleBuilder.compile (../../../node_modules/@nestjs/testing/testing-module.builder.js:74:9)
      at Object.<anonymous> (modules/auth/auth.service.spec.ts:36:35)

  ● AuthService › resetPassword › throws BadRequestException if token already used

    Nest can't resolve dependencies of the AuthService (AuthRepository, JwtService, ?). Please make sure that the argument EmailService at index [2] is available in the RootTestModule module.

    Potential solutions:
    - Is RootTestModule a valid NestJS module?
    - If EmailService is a provider, is it part of the current RootTestModule?
    - If EmailService is exported from a separate @Module, is that module imported within RootTestModule?
      @Module({
        imports: [ /* the Module containing EmailService */ ]
      })

    For more common dependency resolution issues, see: https://docs.nestjs.com/faq/common-errors

    [0m [90m 34 |[39m     jest[33m.[39mclearAllMocks()[33m;[39m
     [90m 35 |[39m     process[33m.[39menv[33m.[39m[33mNODE_ENV[39m [33m=[39m originalNodeEnv[33m;[39m
    [31m[1m>[22m[39m[90m 36 |[39m     [36mconst[39m module[33m:[39m [33mTestingModule[39m [33m=[39m [36mawait[39m [33mTest[39m[33m.[39mcreateTestingModule({
     [90m    |[39m                                   [31m[1m^[22m[39m
     [90m 37 |[39m       providers[33m:[39m [
     [90m 38 |[39m         [33mAuthService[39m[33m,[39m
     [90m 39 |[39m         { provide[33m:[39m [33mAuthRepository[39m[33m,[39m useValue[33m:[39m mockRepository }[33m,[39m[0m

      at TestingInjector.lookupComponentInParentModules (../../../node_modules/@nestjs/core/injector/injector.js:290:19)
      at TestingInjector.resolveComponentWrapper (../../../node_modules/@nestjs/testing/testing-injector.js:19:45)
      at resolveParam (../../../node_modules/@nestjs/core/injector/injector.js:140:38)
          at async Promise.all (index 2)
      at TestingInjector.resolveConstructorParams (../../../node_modules/@nestjs/core/injector/injector.js:169:27)
      at TestingInjector.loadInstance (../../../node_modules/@nestjs/core/injector/injector.js:75:13)
      at TestingInjector.loadProvider (../../../node_modules/@nestjs/core/injector/injector.js:103:9)
      at ../../../node_modules/@nestjs/core/injector/instance-loader.js:56:13
          at async Promise.all (index 3)
      at TestingInstanceLoader.createInstancesOfProviders (../../../node_modules/@nestjs/core/injector/instance-loader.js:55:9)
      at ../../../node_modules/@nestjs/core/injector/instance-loader.js:40:13
          at async Promise.all (index 1)
      at TestingInstanceLoader.createInstances (../../../node_modules/@nestjs/core/injector/instance-loader.js:39:9)
      at TestingInstanceLoader.createInstancesOfDependencies (../../../node_modules/@nestjs/core/injector/instance-loader.js:22:13)
      at TestingInstanceLoader.createInstancesOfDependencies (../../../node_modules/@nestjs/testing/testing-instance-loader.js:9:9)
      at TestingModuleBuilder.createInstancesOfDependencies (../../../node_modules/@nestjs/testing/testing-module.builder.js:118:9)
      at TestingModuleBuilder.compile (../../../node_modules/@nestjs/testing/testing-module.builder.js:74:9)
      at Object.<anonymous> (modules/auth/auth.service.spec.ts:36:35)

  ● AuthService › resetPassword › throws BadRequestException if token expired

    Nest can't resolve dependencies of the AuthService (AuthRepository, JwtService, ?). Please make sure that the argument EmailService at index [2] is available in the RootTestModule module.

    Potential solutions:
    - Is RootTestModule a valid NestJS module?
    - If EmailService is a provider, is it part of the current RootTestModule?
    - If EmailService is exported from a separate @Module, is that module imported within RootTestModule?
      @Module({
        imports: [ /* the Module containing EmailService */ ]
      })

    For more common dependency resolution issues, see: https://docs.nestjs.com/faq/common-errors

    [0m [90m 34 |[39m     jest[33m.[39mclearAllMocks()[33m;[39m
     [90m 35 |[39m     process[33m.[39menv[33m.[39m[33mNODE_ENV[39m [33m=[39m originalNodeEnv[33m;[39m
    [31m[1m>[22m[39m[90m 36 |[39m     [36mconst[39m module[33m:[39m [33mTestingModule[39m [33m=[39m [36mawait[39m [33mTest[39m[33m.[39mcreateTestingModule({
     [90m    |[39m                                   [31m[1m^[22m[39m
     [90m 37 |[39m       providers[33m:[39m [
     [90m 38 |[39m         [33mAuthService[39m[33m,[39m
     [90m 39 |[39m         { provide[33m:[39m [33mAuthRepository[39m[33m,[39m useValue[33m:[39m mockRepository }[33m,[39m[0m

      at TestingInjector.lookupComponentInParentModules (../../../node_modules/@nestjs/core/injector/injector.js:290:19)
      at TestingInjector.resolveComponentWrapper (../../../node_modules/@nestjs/testing/testing-injector.js:19:45)
      at resolveParam (../../../node_modules/@nestjs/core/injector/injector.js:140:38)
          at async Promise.all (index 2)
      at TestingInjector.resolveConstructorParams (../../../node_modules/@nestjs/core/injector/injector.js:169:27)
      at TestingInjector.loadInstance (../../../node_modules/@nestjs/core/injector/injector.js:75:13)
      at TestingInjector.loadProvider (../../../node_modules/@nestjs/core/injector/injector.js:103:9)
      at ../../../node_modules/@nestjs/core/injector/instance-loader.js:56:13
          at async Promise.all (index 3)
      at TestingInstanceLoader.createInstancesOfProviders (../../../node_modules/@nestjs/core/injector/instance-loader.js:55:9)
      at ../../../node_modules/@nestjs/core/injector/instance-loader.js:40:13
          at async Promise.all (index 1)
      at TestingInstanceLoader.createInstances (../../../node_modules/@nestjs/core/injector/instance-loader.js:39:9)
      at TestingInstanceLoader.createInstancesOfDependencies (../../../node_modules/@nestjs/core/injector/instance-loader.js:22:13)
      at TestingInstanceLoader.createInstancesOfDependencies (../../../node_modules/@nestjs/testing/testing-instance-loader.js:9:9)
      at TestingModuleBuilder.createInstancesOfDependencies (../../../node_modules/@nestjs/testing/testing-module.builder.js:118:9)
      at TestingModuleBuilder.compile (../../../node_modules/@nestjs/testing/testing-module.builder.js:74:9)
      at Object.<anonymous> (modules/auth/auth.service.spec.ts:36:35)

FAIL src/modules/campaigns/campaigns.service.spec.ts
  ● CampaignsService › listForBusiness › returns campaigns scoped to businessId

    Nest can't resolve dependencies of the CampaignsService (CampaignsRepository, BranchesRepository, PlansService, AuditService, ?). Please make sure that the argument WhatsAppBspService at index [4] is available in the RootTestModule module.

    Potential solutions:
    - Is RootTestModule a valid NestJS module?
    - If WhatsAppBspService is a provider, is it part of the current RootTestModule?
    - If WhatsAppBspService is exported from a separate @Module, is that module imported within RootTestModule?
      @Module({
        imports: [ /* the Module containing WhatsAppBspService */ ]
      })

    For more common dependency resolution issues, see: https://docs.nestjs.com/faq/common-errors

    [0m [90m 75 |[39m     mockPlansService[33m.[39mgetLimits[33m.[39mmockResolvedValue([33mDEFAULT_LIMITS[39m)[33m;[39m
     [90m 76 |[39m
    [31m[1m>[22m[39m[90m 77 |[39m     [36mconst[39m module[33m:[39m [33mTestingModule[39m [33m=[39m [36mawait[39m [33mTest[39m[33m.[39mcreateTestingModule({
     [90m    |[39m                                   [31m[1m^[22m[39m
     [90m 78 |[39m       providers[33m:[39m [
     [90m 79 |[39m         [33mCampaignsService[39m[33m,[39m
     [90m 80 |[39m         { provide[33m:[39m [33mCampaignsRepository[39m[33m,[39m useValue[33m:[39m mockRepo }[33m,[39m[0m

      at TestingInjector.lookupComponentInParentModules (../../../node_modules/@nestjs/core/injector/injector.js:290:19)
      at TestingInjector.resolveComponentWrapper (../../../node_modules/@nestjs/testing/testing-injector.js:19:45)
      at resolveParam (../../../node_modules/@nestjs/core/injector/injector.js:140:38)
          at async Promise.all (index 4)
      at TestingInjector.resolveConstructorParams (../../../node_modules/@nestjs/core/injector/injector.js:169:27)
      at TestingInjector.loadInstance (../../../node_modules/@nestjs/core/injector/injector.js:75:13)
      at TestingInjector.loadProvider (../../../node_modules/@nestjs/core/injector/injector.js:103:9)
      at ../../../node_modules/@nestjs/core/injector/instance-loader.js:56:13
          at async Promise.all (index 3)
      at TestingInstanceLoader.createInstancesOfProviders (../../../node_modules/@nestjs/core/injector/instance-loader.js:55:9)
      at ../../../node_modules/@nestjs/core/injector/instance-loader.js:40:13
          at async Promise.all (index 1)
      at TestingInstanceLoader.createInstances (../../../node_modules/@nestjs/core/injector/instance-loader.js:39:9)
      at TestingInstanceLoader.createInstancesOfDependencies (../../../node_modules/@nestjs/core/injector/instance-loader.js:22:13)
      at TestingInstanceLoader.createInstancesOfDependencies (../../../node_modules/@nestjs/testing/testing-instance-loader.js:9:9)
      at TestingModuleBuilder.createInstancesOfDependencies (../../../node_modules/@nestjs/testing/testing-module.builder.js:118:9)
      at TestingModuleBuilder.compile (../../../node_modules/@nestjs/testing/testing-module.builder.js:74:9)
      at Object.<anonymous> (modules/campaigns/campaigns.service.spec.ts:77:35)

  ● CampaignsService › listForBusiness › passes status filter when provided

    Nest can't resolve dependencies of the CampaignsService (CampaignsRepository, BranchesRepository, PlansService, AuditService, ?). Please make sure that the argument WhatsAppBspService at index [4] is available in the RootTestModule module.

    Potential solutions:
    - Is RootTestModule a valid NestJS module?
    - If WhatsAppBspService is a provider, is it part of the current RootTestModule?
    - If WhatsAppBspService is exported from a separate @Module, is that module imported within RootTestModule?
      @Module({
        imports: [ /* the Module containing WhatsAppBspService */ ]
      })

    For more common dependency resolution issues, see: https://docs.nestjs.com/faq/common-errors

    [0m [90m 75 |[39m     mockPlansService[33m.[39mgetLimits[33m.[39mmockResolvedValue([33mDEFAULT_LIMITS[39m)[33m;[39m
     [90m 76 |[39m
    [31m[1m>[22m[39m[90m 77 |[39m     [36mconst[39m module[33m:[39m [33mTestingModule[39m [33m=[39m [36mawait[39m [33mTest[39m[33m.[39mcreateTestingModule({
     [90m    |[39m                                   [31m[1m^[22m[39m
     [90m 78 |[39m       providers[33m:[39m [
     [90m 79 |[39m         [33mCampaignsService[39m[33m,[39m
     [90m 80 |[39m         { provide[33m:[39m [33mCampaignsRepository[39m[33m,[39m useValue[33m:[39m mockRepo }[33m,[39m[0m

      at TestingInjector.lookupComponentInParentModules (../../../node_modules/@nestjs/core/injector/injector.js:290:19)
      at TestingInjector.resolveComponentWrapper (../../../node_modules/@nestjs/testing/testing-injector.js:19:45)
      at resolveParam (../../../node_modules/@nestjs/core/injector/injector.js:140:38)
          at async Promise.all (index 4)
      at TestingInjector.resolveConstructorParams (../../../node_modules/@nestjs/core/injector/injector.js:169:27)
      at TestingInjector.loadInstance (../../../node_modules/@nestjs/core/injector/injector.js:75:13)
      at TestingInjector.loadProvider (../../../node_modules/@nestjs/core/injector/injector.js:103:9)
      at ../../../node_modules/@nestjs/core/injector/instance-loader.js:56:13
          at async Promise.all (index 3)
      at TestingInstanceLoader.createInstancesOfProviders (../../../node_modules/@nestjs/core/injector/instance-loader.js:55:9)
      at ../../../node_modules/@nestjs/core/injector/instance-loader.js:40:13
          at async Promise.all (index 1)
      at TestingInstanceLoader.createInstances (../../../node_modules/@nestjs/core/injector/instance-loader.js:39:9)
      at TestingInstanceLoader.createInstancesOfDependencies (../../../node_modules/@nestjs/core/injector/instance-loader.js:22:13)
      at TestingInstanceLoader.createInstancesOfDependencies (../../../node_modules/@nestjs/testing/testing-instance-loader.js:9:9)
      at TestingModuleBuilder.createInstancesOfDependencies (../../../node_modules/@nestjs/testing/testing-module.builder.js:118:9)
      at TestingModuleBuilder.compile (../../../node_modules/@nestjs/testing/testing-module.builder.js:74:9)
      at Object.<anonymous> (modules/campaigns/campaigns.service.spec.ts:77:35)

  ● CampaignsService › findOneScoped › returns campaign when it belongs to the business

    Nest can't resolve dependencies of the CampaignsService (CampaignsRepository, BranchesRepository, PlansService, AuditService, ?). Please make sure that the argument WhatsAppBspService at index [4] is available in the RootTestModule module.

    Potential solutions:
    - Is RootTestModule a valid NestJS module?
    - If WhatsAppBspService is a provider, is it part of the current RootTestModule?
    - If WhatsAppBspService is exported from a separate @Module, is that module imported within RootTestModule?
      @Module({
        imports: [ /* the Module containing WhatsAppBspService */ ]
      })

    For more common dependency resolution issues, see: https://docs.nestjs.com/faq/common-errors

    [0m [90m 75 |[39m     mockPlansService[33m.[39mgetLimits[33m.[39mmockResolvedValue([33mDEFAULT_LIMITS[39m)[33m;[39m
     [90m 76 |[39m
    [31m[1m>[22m[39m[90m 77 |[39m     [36mconst[39m module[33m:[39m [33mTestingModule[39m [33m=[39m [36mawait[39m [33mTest[39m[33m.[39mcreateTestingModule({
     [90m    |[39m                                   [31m[1m^[22m[39m
     [90m 78 |[39m       providers[33m:[39m [
     [90m 79 |[39m         [33mCampaignsService[39m[33m,[39m
     [90m 80 |[39m         { provide[33m:[39m [33mCampaignsRepository[39m[33m,[39m useValue[33m:[39m mockRepo }[33m,[39m[0m

      at TestingInjector.lookupComponentInParentModules (../../../node_modules/@nestjs/core/injector/injector.js:290:19)
      at TestingInjector.resolveComponentWrapper (../../../node_modules/@nestjs/testing/testing-injector.js:19:45)
      at resolveParam (../../../node_modules/@nestjs/core/injector/injector.js:140:38)
          at async Promise.all (index 4)
      at TestingInjector.resolveConstructorParams (../../../node_modules/@nestjs/core/injector/injector.js:169:27)
      at TestingInjector.loadInstance (../../../node_modules/@nestjs/core/injector/injector.js:75:13)
      at TestingInjector.loadProvider (../../../node_modules/@nestjs/core/injector/injector.js:103:9)
      at ../../../node_modules/@nestjs/core/injector/instance-loader.js:56:13
          at async Promise.all (index 3)
      at TestingInstanceLoader.createInstancesOfProviders (../../../node_modules/@nestjs/core/injector/instance-loader.js:55:9)
      at ../../../node_modules/@nestjs/core/injector/instance-loader.js:40:13
          at async Promise.all (index 1)
      at TestingInstanceLoader.createInstances (../../../node_modules/@nestjs/core/injector/instance-loader.js:39:9)
      at TestingInstanceLoader.createInstancesOfDependencies (../../../node_modules/@nestjs/core/injector/instance-loader.js:22:13)
      at TestingInstanceLoader.createInstancesOfDependencies (../../../node_modules/@nestjs/testing/testing-instance-loader.js:9:9)
      at TestingModuleBuilder.createInstancesOfDependencies (../../../node_modules/@nestjs/testing/testing-module.builder.js:118:9)
      at TestingModuleBuilder.compile (../../../node_modules/@nestjs/testing/testing-module.builder.js:74:9)
      at Object.<anonymous> (modules/campaigns/campaigns.service.spec.ts:77:35)

  ● CampaignsService › findOneScoped › throws NotFoundException when campaign not found

    Nest can't resolve dependencies of the CampaignsService (CampaignsRepository, BranchesRepository, PlansService, AuditService, ?). Please make sure that the argument WhatsAppBspService at index [4] is available in the RootTestModule module.

    Potential solutions:
    - Is RootTestModule a valid NestJS module?
    - If WhatsAppBspService is a provider, is it part of the current RootTestModule?
    - If WhatsAppBspService is exported from a separate @Module, is that module imported within RootTestModule?
      @Module({
        imports: [ /* the Module containing WhatsAppBspService */ ]
      })

    For more common dependency resolution issues, see: https://docs.nestjs.com/faq/common-errors

    [0m [90m 75 |[39m     mockPlansService[33m.[39mgetLimits[33m.[39mmockResolvedValue([33mDEFAULT_LIMITS[39m)[33m;[39m
     [90m 76 |[39m
    [31m[1m>[22m[39m[90m 77 |[39m     [36mconst[39m module[33m:[39m [33mTestingModule[39m [33m=[39m [36mawait[39m [33mTest[39m[33m.[39mcreateTestingModule({
     [90m    |[39m                                   [31m[1m^[22m[39m
     [90m 78 |[39m       providers[33m:[39m [
     [90m 79 |[39m         [33mCampaignsService[39m[33m,[39m
     [90m 80 |[39m         { provide[33m:[39m [33mCampaignsRepository[39m[33m,[39m useValue[33m:[39m mockRepo }[33m,[39m[0m

      at TestingInjector.lookupComponentInParentModules (../../../node_modules/@nestjs/core/injector/injector.js:290:19)
      at TestingInjector.resolveComponentWrapper (../../../node_modules/@nestjs/testing/testing-injector.js:19:45)
      at resolveParam (../../../node_modules/@nestjs/core/injector/injector.js:140:38)
          at async Promise.all (index 4)
      at TestingInjector.resolveConstructorParams (../../../node_modules/@nestjs/core/injector/injector.js:169:27)
      at TestingInjector.loadInstance (../../../node_modules/@nestjs/core/injector/injector.js:75:13)
      at TestingInjector.loadProvider (../../../node_modules/@nestjs/core/injector/injector.js:103:9)
      at ../../../node_modules/@nestjs/core/injector/instance-loader.js:56:13
          at async Promise.all (index 3)
      at TestingInstanceLoader.createInstancesOfProviders (../../../node_modules/@nestjs/core/injector/instance-loader.js:55:9)
      at ../../../node_modules/@nestjs/core/injector/instance-loader.js:40:13
          at async Promise.all (index 1)
      at TestingInstanceLoader.createInstances (../../../node_modules/@nestjs/core/injector/instance-loader.js:39:9)
      at TestingInstanceLoader.createInstancesOfDependencies (../../../node_modules/@nestjs/core/injector/instance-loader.js:22:13)
      at TestingInstanceLoader.createInstancesOfDependencies (../../../node_modules/@nestjs/testing/testing-instance-loader.js:9:9)
      at TestingModuleBuilder.createInstancesOfDependencies (../../../node_modules/@nestjs/testing/testing-module.builder.js:118:9)
      at TestingModuleBuilder.compile (../../../node_modules/@nestjs/testing/testing-module.builder.js:74:9)
      at Object.<anonymous> (modules/campaigns/campaigns.service.spec.ts:77:35)

  ● CampaignsService › create › creates campaign when under limit and slug available

    Nest can't resolve dependencies of the CampaignsService (CampaignsRepository, BranchesRepository, PlansService, AuditService, ?). Please make sure that the argument WhatsAppBspService at index [4] is available in the RootTestModule module.

    Potential solutions:
    - Is RootTestModule a valid NestJS module?
    - If WhatsAppBspService is a provider, is it part of the current RootTestModule?
    - If WhatsAppBspService is exported from a separate @Module, is that module imported within RootTestModule?
      @Module({
        imports: [ /* the Module containing WhatsAppBspService */ ]
      })

    For more common dependency resolution issues, see: https://docs.nestjs.com/faq/common-errors

    [0m [90m 75 |[39m     mockPlansService[33m.[39mgetLimits[33m.[39mmockResolvedValue([33mDEFAULT_LIMITS[39m)[33m;[39m
     [90m 76 |[39m
    [31m[1m>[22m[39m[90m 77 |[39m     [36mconst[39m module[33m:[39m [33mTestingModule[39m [33m=[39m [36mawait[39m [33mTest[39m[33m.[39mcreateTestingModule({
     [90m    |[39m                                   [31m[1m^[22m[39m
     [90m 78 |[39m       providers[33m:[39m [
     [90m 79 |[39m         [33mCampaignsService[39m[33m,[39m
     [90m 80 |[39m         { provide[33m:[39m [33mCampaignsRepository[39m[33m,[39m useValue[33m:[39m mockRepo }[33m,[39m[0m

      at TestingInjector.lookupComponentInParentModules (../../../node_modules/@nestjs/core/injector/injector.js:290:19)
      at TestingInjector.resolveComponentWrapper (../../../node_modules/@nestjs/testing/testing-injector.js:19:45)
      at resolveParam (../../../node_modules/@nestjs/core/injector/injector.js:140:38)
          at async Promise.all (index 4)
      at TestingInjector.resolveConstructorParams (../../../node_modules/@nestjs/core/injector/injector.js:169:27)
      at TestingInjector.loadInstance (../../../node_modules/@nestjs/core/injector/injector.js:75:13)
      at TestingInjector.loadProvider (../../../node_modules/@nestjs/core/injector/injector.js:103:9)
      at ../../../node_modules/@nestjs/core/injector/instance-loader.js:56:13
          at async Promise.all (index 3)
      at TestingInstanceLoader.createInstancesOfProviders (../../../node_modules/@nestjs/core/injector/instance-loader.js:55:9)
      at ../../../node_modules/@nestjs/core/injector/instance-loader.js:40:13
          at async Promise.all (index 1)
      at TestingInstanceLoader.createInstances (../../../node_modules/@nestjs/core/injector/instance-loader.js:39:9)
      at TestingInstanceLoader.createInstancesOfDependencies (../../../node_modules/@nestjs/core/injector/instance-loader.js:22:13)
      at TestingInstanceLoader.createInstancesOfDependencies (../../../node_modules/@nestjs/testing/testing-instance-loader.js:9:9)
      at TestingModuleBuilder.createInstancesOfDependencies (../../../node_modules/@nestjs/testing/testing-module.builder.js:118:9)
      at TestingModuleBuilder.compile (../../../node_modules/@nestjs/testing/testing-module.builder.js:74:9)
      at Object.<anonymous> (modules/campaigns/campaigns.service.spec.ts:77:35)

  ● CampaignsService › create › throws ForbiddenException when campaign limit reached

    Nest can't resolve dependencies of the CampaignsService (CampaignsRepository, BranchesRepository, PlansService, AuditService, ?). Please make sure that the argument WhatsAppBspService at index [4] is available in the RootTestModule module.

    Potential solutions:
    - Is RootTestModule a valid NestJS module?
    - If WhatsAppBspService is a provider, is it part of the current RootTestModule?
    - If WhatsAppBspService is exported from a separate @Module, is that module imported within RootTestModule?
      @Module({
        imports: [ /* the Module containing WhatsAppBspService */ ]
      })

    For more common dependency resolution issues, see: https://docs.nestjs.com/faq/common-errors

    [0m [90m 75 |[39m     mockPlansService[33m.[39mgetLimits[33m.[39mmockResolvedValue([33mDEFAULT_LIMITS[39m)[33m;[39m
     [90m 76 |[39m
    [31m[1m>[22m[39m[90m 77 |[39m     [36mconst[39m module[33m:[39m [33mTestingModule[39m [33m=[39m [36mawait[39m [33mTest[39m[33m.[39mcreateTestingModule({
     [90m    |[39m                                   [31m[1m^[22m[39m
     [90m 78 |[39m       providers[33m:[39m [
     [90m 79 |[39m         [33mCampaignsService[39m[33m,[39m
     [90m 80 |[39m         { provide[33m:[39m [33mCampaignsRepository[39m[33m,[39m useValue[33m:[39m mockRepo }[33m,[39m[0m

      at TestingInjector.lookupComponentInParentModules (../../../node_modules/@nestjs/core/injector/injector.js:290:19)
      at TestingInjector.resolveComponentWrapper (../../../node_modules/@nestjs/testing/testing-injector.js:19:45)
      at resolveParam (../../../node_modules/@nestjs/core/injector/injector.js:140:38)
          at async Promise.all (index 4)
      at TestingInjector.resolveConstructorParams (../../../node_modules/@nestjs/core/injector/injector.js:169:27)
      at TestingInjector.loadInstance (../../../node_modules/@nestjs/core/injector/injector.js:75:13)
      at TestingInjector.loadProvider (../../../node_modules/@nestjs/core/injector/injector.js:103:9)
      at ../../../node_modules/@nestjs/core/injector/instance-loader.js:56:13
          at async Promise.all (index 3)
      at TestingInstanceLoader.createInstancesOfProviders (../../../node_modules/@nestjs/core/injector/instance-loader.js:55:9)
      at ../../../node_modules/@nestjs/core/injector/instance-loader.js:40:13
          at async Promise.all (index 1)
      at TestingInstanceLoader.createInstances (../../../node_modules/@nestjs/core/injector/instance-loader.js:39:9)
      at TestingInstanceLoader.createInstancesOfDependencies (../../../node_modules/@nestjs/core/injector/instance-loader.js:22:13)
      at TestingInstanceLoader.createInstancesOfDependencies (../../../node_modules/@nestjs/testing/testing-instance-loader.js:9:9)
      at TestingModuleBuilder.createInstancesOfDependencies (../../../node_modules/@nestjs/testing/testing-module.builder.js:118:9)
      at TestingModuleBuilder.compile (../../../node_modules/@nestjs/testing/testing-module.builder.js:74:9)
      at Object.<anonymous> (modules/campaigns/campaigns.service.spec.ts:77:35)

  ● CampaignsService › create › throws ConflictException when slug taken

    Nest can't resolve dependencies of the CampaignsService (CampaignsRepository, BranchesRepository, PlansService, AuditService, ?). Please make sure that the argument WhatsAppBspService at index [4] is available in the RootTestModule module.

    Potential solutions:
    - Is RootTestModule a valid NestJS module?
    - If WhatsAppBspService is a provider, is it part of the current RootTestModule?
    - If WhatsAppBspService is exported from a separate @Module, is that module imported within RootTestModule?
      @Module({
        imports: [ /* the Module containing WhatsAppBspService */ ]
      })

    For more common dependency resolution issues, see: https://docs.nestjs.com/faq/common-errors

    [0m [90m 75 |[39m     mockPlansService[33m.[39mgetLimits[33m.[39mmockResolvedValue([33mDEFAULT_LIMITS[39m)[33m;[39m
     [90m 76 |[39m
    [31m[1m>[22m[39m[90m 77 |[39m     [36mconst[39m module[33m:[39m [33mTestingModule[39m [33m=[39m [36mawait[39m [33mTest[39m[33m.[39mcreateTestingModule({
     [90m    |[39m                                   [31m[1m^[22m[39m
     [90m 78 |[39m       providers[33m:[39m [
     [90m 79 |[39m         [33mCampaignsService[39m[33m,[39m
     [90m 80 |[39m         { provide[33m:[39m [33mCampaignsRepository[39m[33m,[39m useValue[33m:[39m mockRepo }[33m,[39m[0m

      at TestingInjector.lookupComponentInParentModules (../../../node_modules/@nestjs/core/injector/injector.js:290:19)
      at TestingInjector.resolveComponentWrapper (../../../node_modules/@nestjs/testing/testing-injector.js:19:45)
      at resolveParam (../../../node_modules/@nestjs/core/injector/injector.js:140:38)
          at async Promise.all (index 4)
      at TestingInjector.resolveConstructorParams (../../../node_modules/@nestjs/core/injector/injector.js:169:27)
      at TestingInjector.loadInstance (../../../node_modules/@nestjs/core/injector/injector.js:75:13)
      at TestingInjector.loadProvider (../../../node_modules/@nestjs/core/injector/injector.js:103:9)
      at ../../../node_modules/@nestjs/core/injector/instance-loader.js:56:13
          at async Promise.all (index 3)
      at TestingInstanceLoader.createInstancesOfProviders (../../../node_modules/@nestjs/core/injector/instance-loader.js:55:9)
      at ../../../node_modules/@nestjs/core/injector/instance-loader.js:40:13
          at async Promise.all (index 1)
      at TestingInstanceLoader.createInstances (../../../node_modules/@nestjs/core/injector/instance-loader.js:39:9)
      at TestingInstanceLoader.createInstancesOfDependencies (../../../node_modules/@nestjs/core/injector/instance-loader.js:22:13)
      at TestingInstanceLoader.createInstancesOfDependencies (../../../node_modules/@nestjs/testing/testing-instance-loader.js:9:9)
      at TestingModuleBuilder.createInstancesOfDependencies (../../../node_modules/@nestjs/testing/testing-module.builder.js:118:9)
      at TestingModuleBuilder.compile (../../../node_modules/@nestjs/testing/testing-module.builder.js:74:9)
      at Object.<anonymous> (modules/campaigns/campaigns.service.spec.ts:77:35)

  ● CampaignsService › create › validates branchId belongs to business

    Nest can't resolve dependencies of the CampaignsService (CampaignsRepository, BranchesRepository, PlansService, AuditService, ?). Please make sure that the argument WhatsAppBspService at index [4] is available in the RootTestModule module.

    Potential solutions:
    - Is RootTestModule a valid NestJS module?
    - If WhatsAppBspService is a provider, is it part of the current RootTestModule?
    - If WhatsAppBspService is exported from a separate @Module, is that module imported within RootTestModule?
      @Module({
        imports: [ /* the Module containing WhatsAppBspService */ ]
      })

    For more common dependency resolution issues, see: https://docs.nestjs.com/faq/common-errors

    [0m [90m 75 |[39m     mockPlansService[33m.[39mgetLimits[33m.[39mmockResolvedValue([33mDEFAULT_LIMITS[39m)[33m;[39m
     [90m 76 |[39m
    [31m[1m>[22m[39m[90m 77 |[39m     [36mconst[39m module[33m:[39m [33mTestingModule[39m [33m=[39m [36mawait[39m [33mTest[39m[33m.[39mcreateTestingModule({
     [90m    |[39m                                   [31m[1m^[22m[39m
     [90m 78 |[39m       providers[33m:[39m [
     [90m 79 |[39m         [33mCampaignsService[39m[33m,[39m
     [90m 80 |[39m         { provide[33m:[39m [33mCampaignsRepository[39m[33m,[39m useValue[33m:[39m mockRepo }[33m,[39m[0m

      at TestingInjector.lookupComponentInParentModules (../../../node_modules/@nestjs/core/injector/injector.js:290:19)
      at TestingInjector.resolveComponentWrapper (../../../node_modules/@nestjs/testing/testing-injector.js:19:45)
      at resolveParam (../../../node_modules/@nestjs/core/injector/injector.js:140:38)
          at async Promise.all (index 4)
      at TestingInjector.resolveConstructorParams (../../../node_modules/@nestjs/core/injector/injector.js:169:27)
      at TestingInjector.loadInstance (../../../node_modules/@nestjs/core/injector/injector.js:75:13)
      at TestingInjector.loadProvider (../../../node_modules/@nestjs/core/injector/injector.js:103:9)
      at ../../../node_modules/@nestjs/core/injector/instance-loader.js:56:13
          at async Promise.all (index 3)
      at TestingInstanceLoader.createInstancesOfProviders (../../../node_modules/@nestjs/core/injector/instance-loader.js:55:9)
      at ../../../node_modules/@nestjs/core/injector/instance-loader.js:40:13
          at async Promise.all (index 1)
      at TestingInstanceLoader.createInstances (../../../node_modules/@nestjs/core/injector/instance-loader.js:39:9)
      at TestingInstanceLoader.createInstancesOfDependencies (../../../node_modules/@nestjs/core/injector/instance-loader.js:22:13)
      at TestingInstanceLoader.createInstancesOfDependencies (../../../node_modules/@nestjs/testing/testing-instance-loader.js:9:9)
      at TestingModuleBuilder.createInstancesOfDependencies (../../../node_modules/@nestjs/testing/testing-module.builder.js:118:9)
      at TestingModuleBuilder.compile (../../../node_modules/@nestjs/testing/testing-module.builder.js:74:9)
      at Object.<anonymous> (modules/campaigns/campaigns.service.spec.ts:77:35)

  ● CampaignsService › create › allows branchId when it belongs to business

    Nest can't resolve dependencies of the CampaignsService (CampaignsRepository, BranchesRepository, PlansService, AuditService, ?). Please make sure that the argument WhatsAppBspService at index [4] is available in the RootTestModule module.

    Potential solutions:
    - Is RootTestModule a valid NestJS module?
    - If WhatsAppBspService is a provider, is it part of the current RootTestModule?
    - If WhatsAppBspService is exported from a separate @Module, is that module imported within RootTestModule?
      @Module({
        imports: [ /* the Module containing WhatsAppBspService */ ]
      })

    For more common dependency resolution issues, see: https://docs.nestjs.com/faq/common-errors

    [0m [90m 75 |[39m     mockPlansService[33m.[39mgetLimits[33m.[39mmockResolvedValue([33mDEFAULT_LIMITS[39m)[33m;[39m
     [90m 76 |[39m
    [31m[1m>[22m[39m[90m 77 |[39m     [36mconst[39m module[33m:[39m [33mTestingModule[39m [33m=[39m [36mawait[39m [33mTest[39m[33m.[39mcreateTestingModule({
     [90m    |[39m                                   [31m[1m^[22m[39m
     [90m 78 |[39m       providers[33m:[39m [
     [90m 79 |[39m         [33mCampaignsService[39m[33m,[39m
     [90m 80 |[39m         { provide[33m:[39m [33mCampaignsRepository[39m[33m,[39m useValue[33m:[39m mockRepo }[33m,[39m[0m

      at TestingInjector.lookupComponentInParentModules (../../../node_modules/@nestjs/core/injector/injector.js:290:19)
      at TestingInjector.resolveComponentWrapper (../../../node_modules/@nestjs/testing/testing-injector.js:19:45)
      at resolveParam (../../../node_modules/@nestjs/core/injector/injector.js:140:38)
          at async Promise.all (index 4)
      at TestingInjector.resolveConstructorParams (../../../node_modules/@nestjs/core/injector/injector.js:169:27)
      at TestingInjector.loadInstance (../../../node_modules/@nestjs/core/injector/injector.js:75:13)
      at TestingInjector.loadProvider (../../../node_modules/@nestjs/core/injector/injector.js:103:9)
      at ../../../node_modules/@nestjs/core/injector/instance-loader.js:56:13
          at async Promise.all (index 3)
      at TestingInstanceLoader.createInstancesOfProviders (../../../node_modules/@nestjs/core/injector/instance-loader.js:55:9)
      at ../../../node_modules/@nestjs/core/injector/instance-loader.js:40:13
          at async Promise.all (index 1)
      at TestingInstanceLoader.createInstances (../../../node_modules/@nestjs/core/injector/instance-loader.js:39:9)
      at TestingInstanceLoader.createInstancesOfDependencies (../../../node_modules/@nestjs/core/injector/instance-loader.js:22:13)
      at TestingInstanceLoader.createInstancesOfDependencies (../../../node_modules/@nestjs/testing/testing-instance-loader.js:9:9)
      at TestingModuleBuilder.createInstancesOfDependencies (../../../node_modules/@nestjs/testing/testing-module.builder.js:118:9)
      at TestingModuleBuilder.compile (../../../node_modules/@nestjs/testing/testing-module.builder.js:74:9)
      at Object.<anonymous> (modules/campaigns/campaigns.service.spec.ts:77:35)

  ● CampaignsService › create › throws BadRequestException when endsAt before startsAt

    Nest can't resolve dependencies of the CampaignsService (CampaignsRepository, BranchesRepository, PlansService, AuditService, ?). Please make sure that the argument WhatsAppBspService at index [4] is available in the RootTestModule module.

    Potential solutions:
    - Is RootTestModule a valid NestJS module?
    - If WhatsAppBspService is a provider, is it part of the current RootTestModule?
    - If WhatsAppBspService is exported from a separate @Module, is that module imported within RootTestModule?
      @Module({
        imports: [ /* the Module containing WhatsAppBspService */ ]
      })

    For more common dependency resolution issues, see: https://docs.nestjs.com/faq/common-errors

    [0m [90m 75 |[39m     mockPlansService[33m.[39mgetLimits[33m.[39mmockResolvedValue([33mDEFAULT_LIMITS[39m)[33m;[39m
     [90m 76 |[39m
    [31m[1m>[22m[39m[90m 77 |[39m     [36mconst[39m module[33m:[39m [33mTestingModule[39m [33m=[39m [36mawait[39m [33mTest[39m[33m.[39mcreateTestingModule({
     [90m    |[39m                                   [31m[1m^[22m[39m
     [90m 78 |[39m       providers[33m:[39m [
     [90m 79 |[39m         [33mCampaignsService[39m[33m,[39m
     [90m 80 |[39m         { provide[33m:[39m [33mCampaignsRepository[39m[33m,[39m useValue[33m:[39m mockRepo }[33m,[39m[0m

      at TestingInjector.lookupComponentInParentModules (../../../node_modules/@nestjs/core/injector/injector.js:290:19)
      at TestingInjector.resolveComponentWrapper (../../../node_modules/@nestjs/testing/testing-injector.js:19:45)
      at resolveParam (../../../node_modules/@nestjs/core/injector/injector.js:140:38)
          at async Promise.all (index 4)
      at TestingInjector.resolveConstructorParams (../../../node_modules/@nestjs/core/injector/injector.js:169:27)
      at TestingInjector.loadInstance (../../../node_modules/@nestjs/core/injector/injector.js:75:13)
      at TestingInjector.loadProvider (../../../node_modules/@nestjs/core/injector/injector.js:103:9)
      at ../../../node_modules/@nestjs/core/injector/instance-loader.js:56:13
          at async Promise.all (index 3)
      at TestingInstanceLoader.createInstancesOfProviders (../../../node_modules/@nestjs/core/injector/instance-loader.js:55:9)
      at ../../../node_modules/@nestjs/core/injector/instance-loader.js:40:13
          at async Promise.all (index 1)
      at TestingInstanceLoader.createInstances (../../../node_modules/@nestjs/core/injector/instance-loader.js:39:9)
      at TestingInstanceLoader.createInstancesOfDependencies (../../../node_modules/@nestjs/core/injector/instance-loader.js:22:13)
      at TestingInstanceLoader.createInstancesOfDependencies (../../../node_modules/@nestjs/testing/testing-instance-loader.js:9:9)
      at TestingModuleBuilder.createInstancesOfDependencies (../../../node_modules/@nestjs/testing/testing-module.builder.js:118:9)
      at TestingModuleBuilder.compile (../../../node_modules/@nestjs/testing/testing-module.builder.js:74:9)
      at Object.<anonymous> (modules/campaigns/campaigns.service.spec.ts:77:35)

  ● CampaignsService › create › throws BadRequestException when GOOGLE_REVIEW without destinationUrl

    Nest can't resolve dependencies of the CampaignsService (CampaignsRepository, BranchesRepository, PlansService, AuditService, ?). Please make sure that the argument WhatsAppBspService at index [4] is available in the RootTestModule module.

    Potential solutions:
    - Is RootTestModule a valid NestJS module?
    - If WhatsAppBspService is a provider, is it part of the current RootTestModule?
    - If WhatsAppBspService is exported from a separate @Module, is that module imported within RootTestModule?
      @Module({
        imports: [ /* the Module containing WhatsAppBspService */ ]
      })

    For more common dependency resolution issues, see: https://docs.nestjs.com/faq/common-errors

    [0m [90m 75 |[39m     mockPlansService[33m.[39mgetLimits[33m.[39mmockResolvedValue([33mDEFAULT_LIMITS[39m)[33m;[39m
     [90m 76 |[39m
    [31m[1m>[22m[39m[90m 77 |[39m     [36mconst[39m module[33m:[39m [33mTestingModule[39m [33m=[39m [36mawait[39m [33mTest[39m[33m.[39mcreateTestingModule({
     [90m    |[39m                                   [31m[1m^[22m[39m
     [90m 78 |[39m       providers[33m:[39m [
     [90m 79 |[39m         [33mCampaignsService[39m[33m,[39m
     [90m 80 |[39m         { provide[33m:[39m [33mCampaignsRepository[39m[33m,[39m useValue[33m:[39m mockRepo }[33m,[39m[0m

      at TestingInjector.lookupComponentInParentModules (../../../node_modules/@nestjs/core/injector/injector.js:290:19)
      at TestingInjector.resolveComponentWrapper (../../../node_modules/@nestjs/testing/testing-injector.js:19:45)
      at resolveParam (../../../node_modules/@nestjs/core/injector/injector.js:140:38)
          at async Promise.all (index 4)
      at TestingInjector.resolveConstructorParams (../../../node_modules/@nestjs/core/injector/injector.js:169:27)
      at TestingInjector.loadInstance (../../../node_modules/@nestjs/core/injector/injector.js:75:13)
      at TestingInjector.loadProvider (../../../node_modules/@nestjs/core/injector/injector.js:103:9)
      at ../../../node_modules/@nestjs/core/injector/instance-loader.js:56:13
          at async Promise.all (index 3)
      at TestingInstanceLoader.createInstancesOfProviders (../../../node_modules/@nestjs/core/injector/instance-loader.js:55:9)
      at ../../../node_modules/@nestjs/core/injector/instance-loader.js:40:13
          at async Promise.all (index 1)
      at TestingInstanceLoader.createInstances (../../../node_modules/@nestjs/core/injector/instance-loader.js:39:9)
      at TestingInstanceLoader.createInstancesOfDependencies (../../../node_modules/@nestjs/core/injector/instance-loader.js:22:13)
      at TestingInstanceLoader.createInstancesOfDependencies (../../../node_modules/@nestjs/testing/testing-instance-loader.js:9:9)
      at TestingModuleBuilder.createInstancesOfDependencies (../../../node_modules/@nestjs/testing/testing-module.builder.js:118:9)
      at TestingModuleBuilder.compile (../../../node_modules/@nestjs/testing/testing-module.builder.js:74:9)
      at Object.<anonymous> (modules/campaigns/campaigns.service.spec.ts:77:35)

  ● CampaignsService › create › allows LANDING_ONLY without destinationUrl

    Nest can't resolve dependencies of the CampaignsService (CampaignsRepository, BranchesRepository, PlansService, AuditService, ?). Please make sure that the argument WhatsAppBspService at index [4] is available in the RootTestModule module.

    Potential solutions:
    - Is RootTestModule a valid NestJS module?
    - If WhatsAppBspService is a provider, is it part of the current RootTestModule?
    - If WhatsAppBspService is exported from a separate @Module, is that module imported within RootTestModule?
      @Module({
        imports: [ /* the Module containing WhatsAppBspService */ ]
      })

    For more common dependency resolution issues, see: https://docs.nestjs.com/faq/common-errors

    [0m [90m 75 |[39m     mockPlansService[33m.[39mgetLimits[33m.[39mmockResolvedValue([33mDEFAULT_LIMITS[39m)[33m;[39m
     [90m 76 |[39m
    [31m[1m>[22m[39m[90m 77 |[39m     [36mconst[39m module[33m:[39m [33mTestingModule[39m [33m=[39m [36mawait[39m [33mTest[39m[33m.[39mcreateTestingModule({
     [90m    |[39m                                   [31m[1m^[22m[39m
     [90m 78 |[39m       providers[33m:[39m [
     [90m 79 |[39m         [33mCampaignsService[39m[33m,[39m
     [90m 80 |[39m         { provide[33m:[39m [33mCampaignsRepository[39m[33m,[39m useValue[33m:[39m mockRepo }[33m,[39m[0m

      at TestingInjector.lookupComponentInParentModules (../../../node_modules/@nestjs/core/injector/injector.js:290:19)
      at TestingInjector.resolveComponentWrapper (../../../node_modules/@nestjs/testing/testing-injector.js:19:45)
      at resolveParam (../../../node_modules/@nestjs/core/injector/injector.js:140:38)
          at async Promise.all (index 4)
      at TestingInjector.resolveConstructorParams (../../../node_modules/@nestjs/core/injector/injector.js:169:27)
      at TestingInjector.loadInstance (../../../node_modules/@nestjs/core/injector/injector.js:75:13)
      at TestingInjector.loadProvider (../../../node_modules/@nestjs/core/injector/injector.js:103:9)
      at ../../../node_modules/@nestjs/core/injector/instance-loader.js:56:13
          at async Promise.all (index 3)
      at TestingInstanceLoader.createInstancesOfProviders (../../../node_modules/@nestjs/core/injector/instance-loader.js:55:9)
      at ../../../node_modules/@nestjs/core/injector/instance-loader.js:40:13
          at async Promise.all (index 1)
      at TestingInstanceLoader.createInstances (../../../node_modules/@nestjs/core/injector/instance-loader.js:39:9)
      at TestingInstanceLoader.createInstancesOfDependencies (../../../node_modules/@nestjs/core/injector/instance-loader.js:22:13)
      at TestingInstanceLoader.createInstancesOfDependencies (../../../node_modules/@nestjs/testing/testing-instance-loader.js:9:9)
      at TestingModuleBuilder.createInstancesOfDependencies (../../../node_modules/@nestjs/testing/testing-module.builder.js:118:9)
      at TestingModuleBuilder.compile (../../../node_modules/@nestjs/testing/testing-module.builder.js:74:9)
      at Object.<anonymous> (modules/campaigns/campaigns.service.spec.ts:77:35)

  ● CampaignsService › update › throws NotFoundException when campaign not found

    Nest can't resolve dependencies of the CampaignsService (CampaignsRepository, BranchesRepository, PlansService, AuditService, ?). Please make sure that the argument WhatsAppBspService at index [4] is available in the RootTestModule module.

    Potential solutions:
    - Is RootTestModule a valid NestJS module?
    - If WhatsAppBspService is a provider, is it part of the current RootTestModule?
    - If WhatsAppBspService is exported from a separate @Module, is that module imported within RootTestModule?
      @Module({
        imports: [ /* the Module containing WhatsAppBspService */ ]
      })

    For more common dependency resolution issues, see: https://docs.nestjs.com/faq/common-errors

    [0m [90m 75 |[39m     mockPlansService[33m.[39mgetLimits[33m.[39mmockResolvedValue([33mDEFAULT_LIMITS[39m)[33m;[39m
     [90m 76 |[39m
    [31m[1m>[22m[39m[90m 77 |[39m     [36mconst[39m module[33m:[39m [33mTestingModule[39m [33m=[39m [36mawait[39m [33mTest[39m[33m.[39mcreateTestingModule({
     [90m    |[39m                                   [31m[1m^[22m[39m
     [90m 78 |[39m       providers[33m:[39m [
     [90m 79 |[39m         [33mCampaignsService[39m[33m,[39m
     [90m 80 |[39m         { provide[33m:[39m [33mCampaignsRepository[39m[33m,[39m useValue[33m:[39m mockRepo }[33m,[39m[0m

      at TestingInjector.lookupComponentInParentModules (../../../node_modules/@nestjs/core/injector/injector.js:290:19)
      at TestingInjector.resolveComponentWrapper (../../../node_modules/@nestjs/testing/testing-injector.js:19:45)
      at resolveParam (../../../node_modules/@nestjs/core/injector/injector.js:140:38)
          at async Promise.all (index 4)
      at TestingInjector.resolveConstructorParams (../../../node_modules/@nestjs/core/injector/injector.js:169:27)
      at TestingInjector.loadInstance (../../../node_modules/@nestjs/core/injector/injector.js:75:13)
      at TestingInjector.loadProvider (../../../node_modules/@nestjs/core/injector/injector.js:103:9)
      at ../../../node_modules/@nestjs/core/injector/instance-loader.js:56:13
          at async Promise.all (index 3)
      at TestingInstanceLoader.createInstancesOfProviders (../../../node_modules/@nestjs/core/injector/instance-loader.js:55:9)
      at ../../../node_modules/@nestjs/core/injector/instance-loader.js:40:13
          at async Promise.all (index 1)
      at TestingInstanceLoader.createInstances (../../../node_modules/@nestjs/core/injector/instance-loader.js:39:9)
      at TestingInstanceLoader.createInstancesOfDependencies (../../../node_modules/@nestjs/core/injector/instance-loader.js:22:13)
      at TestingInstanceLoader.createInstancesOfDependencies (../../../node_modules/@nestjs/testing/testing-instance-loader.js:9:9)
      at TestingModuleBuilder.createInstancesOfDependencies (../../../node_modules/@nestjs/testing/testing-module.builder.js:118:9)
      at TestingModuleBuilder.compile (../../../node_modules/@nestjs/testing/testing-module.builder.js:74:9)
      at Object.<anonymous> (modules/campaigns/campaigns.service.spec.ts:77:35)

  ● CampaignsService › update › updates campaign when it exists

    Nest can't resolve dependencies of the CampaignsService (CampaignsRepository, BranchesRepository, PlansService, AuditService, ?). Please make sure that the argument WhatsAppBspService at index [4] is available in the RootTestModule module.

    Potential solutions:
    - Is RootTestModule a valid NestJS module?
    - If WhatsAppBspService is a provider, is it part of the current RootTestModule?
    - If WhatsAppBspService is exported from a separate @Module, is that module imported within RootTestModule?
      @Module({
        imports: [ /* the Module containing WhatsAppBspService */ ]
      })

    For more common dependency resolution issues, see: https://docs.nestjs.com/faq/common-errors

    [0m [90m 75 |[39m     mockPlansService[33m.[39mgetLimits[33m.[39mmockResolvedValue([33mDEFAULT_LIMITS[39m)[33m;[39m
     [90m 76 |[39m
    [31m[1m>[22m[39m[90m 77 |[39m     [36mconst[39m module[33m:[39m [33mTestingModule[39m [33m=[39m [36mawait[39m [33mTest[39m[33m.[39mcreateTestingModule({
     [90m    |[39m                                   [31m[1m^[22m[39m
     [90m 78 |[39m       providers[33m:[39m [
     [90m 79 |[39m         [33mCampaignsService[39m[33m,[39m
     [90m 80 |[39m         { provide[33m:[39m [33mCampaignsRepository[39m[33m,[39m useValue[33m:[39m mockRepo }[33m,[39m[0m

      at TestingInjector.lookupComponentInParentModules (../../../node_modules/@nestjs/core/injector/injector.js:290:19)
      at TestingInjector.resolveComponentWrapper (../../../node_modules/@nestjs/testing/testing-injector.js:19:45)
      at resolveParam (../../../node_modules/@nestjs/core/injector/injector.js:140:38)
          at async Promise.all (index 4)
      at TestingInjector.resolveConstructorParams (../../../node_modules/@nestjs/core/injector/injector.js:169:27)
      at TestingInjector.loadInstance (../../../node_modules/@nestjs/core/injector/injector.js:75:13)
      at TestingInjector.loadProvider (../../../node_modules/@nestjs/core/injector/injector.js:103:9)
      at ../../../node_modules/@nestjs/core/injector/instance-loader.js:56:13
          at async Promise.all (index 3)
      at TestingInstanceLoader.createInstancesOfProviders (../../../node_modules/@nestjs/core/injector/instance-loader.js:55:9)
      at ../../../node_modules/@nestjs/core/injector/instance-loader.js:40:13
          at async Promise.all (index 1)
      at TestingInstanceLoader.createInstances (../../../node_modules/@nestjs/core/injector/instance-loader.js:39:9)
      at TestingInstanceLoader.createInstancesOfDependencies (../../../node_modules/@nestjs/core/injector/instance-loader.js:22:13)
      at TestingInstanceLoader.createInstancesOfDependencies (../../../node_modules/@nestjs/testing/testing-instance-loader.js:9:9)
      at TestingModuleBuilder.createInstancesOfDependencies (../../../node_modules/@nestjs/testing/testing-module.builder.js:118:9)
      at TestingModuleBuilder.compile (../../../node_modules/@nestjs/testing/testing-module.builder.js:74:9)
      at Object.<anonymous> (modules/campaigns/campaigns.service.spec.ts:77:35)

  ● CampaignsService › update › throws BadRequestException when updating archived campaign

    Nest can't resolve dependencies of the CampaignsService (CampaignsRepository, BranchesRepository, PlansService, AuditService, ?). Please make sure that the argument WhatsAppBspService at index [4] is available in the RootTestModule module.

    Potential solutions:
    - Is RootTestModule a valid NestJS module?
    - If WhatsAppBspService is a provider, is it part of the current RootTestModule?
    - If WhatsAppBspService is exported from a separate @Module, is that module imported within RootTestModule?
      @Module({
        imports: [ /* the Module containing WhatsAppBspService */ ]
      })

    For more common dependency resolution issues, see: https://docs.nestjs.com/faq/common-errors

    [0m [90m 75 |[39m     mockPlansService[33m.[39mgetLimits[33m.[39mmockResolvedValue([33mDEFAULT_LIMITS[39m)[33m;[39m
     [90m 76 |[39m
    [31m[1m>[22m[39m[90m 77 |[39m     [36mconst[39m module[33m:[39m [33mTestingModule[39m [33m=[39m [36mawait[39m [33mTest[39m[33m.[39mcreateTestingModule({
     [90m    |[39m                                   [31m[1m^[22m[39m
     [90m 78 |[39m       providers[33m:[39m [
     [90m 79 |[39m         [33mCampaignsService[39m[33m,[39m
     [90m 80 |[39m         { provide[33m:[39m [33mCampaignsRepository[39m[33m,[39m useValue[33m:[39m mockRepo }[33m,[39m[0m

      at TestingInjector.lookupComponentInParentModules (../../../node_modules/@nestjs/core/injector/injector.js:290:19)
      at TestingInjector.resolveComponentWrapper (../../../node_modules/@nestjs/testing/testing-injector.js:19:45)
      at resolveParam (../../../node_modules/@nestjs/core/injector/injector.js:140:38)
          at async Promise.all (index 4)
      at TestingInjector.resolveConstructorParams (../../../node_modules/@nestjs/core/injector/injector.js:169:27)
      at TestingInjector.loadInstance (../../../node_modules/@nestjs/core/injector/injector.js:75:13)
      at TestingInjector.loadProvider (../../../node_modules/@nestjs/core/injector/injector.js:103:9)
      at ../../../node_modules/@nestjs/core/injector/instance-loader.js:56:13
          at async Promise.all (index 3)
      at TestingInstanceLoader.createInstancesOfProviders (../../../node_modules/@nestjs/core/injector/instance-loader.js:55:9)
      at ../../../node_modules/@nestjs/core/injector/instance-loader.js:40:13
          at async Promise.all (index 1)
      at TestingInstanceLoader.createInstances (../../../node_modules/@nestjs/core/injector/instance-loader.js:39:9)
      at TestingInstanceLoader.createInstancesOfDependencies (../../../node_modules/@nestjs/core/injector/instance-loader.js:22:13)
      at TestingInstanceLoader.createInstancesOfDependencies (../../../node_modules/@nestjs/testing/testing-instance-loader.js:9:9)
      at TestingModuleBuilder.createInstancesOfDependencies (../../../node_modules/@nestjs/testing/testing-module.builder.js:118:9)
      at TestingModuleBuilder.compile (../../../node_modules/@nestjs/testing/testing-module.builder.js:74:9)
      at Object.<anonymous> (modules/campaigns/campaigns.service.spec.ts:77:35)

  ● CampaignsService › update › validates branchId on update

    Nest can't resolve dependencies of the CampaignsService (CampaignsRepository, BranchesRepository, PlansService, AuditService, ?). Please make sure that the argument WhatsAppBspService at index [4] is available in the RootTestModule module.

    Potential solutions:
    - Is RootTestModule a valid NestJS module?
    - If WhatsAppBspService is a provider, is it part of the current RootTestModule?
    - If WhatsAppBspService is exported from a separate @Module, is that module imported within RootTestModule?
      @Module({
        imports: [ /* the Module containing WhatsAppBspService */ ]
      })

    For more common dependency resolution issues, see: https://docs.nestjs.com/faq/common-errors

    [0m [90m 75 |[39m     mockPlansService[33m.[39mgetLimits[33m.[39mmockResolvedValue([33mDEFAULT_LIMITS[39m)[33m;[39m
     [90m 76 |[39m
    [31m[1m>[22m[39m[90m 77 |[39m     [36mconst[39m module[33m:[39m [33mTestingModule[39m [33m=[39m [36mawait[39m [33mTest[39m[33m.[39mcreateTestingModule({
     [90m    |[39m                                   [31m[1m^[22m[39m
     [90m 78 |[39m       providers[33m:[39m [
     [90m 79 |[39m         [33mCampaignsService[39m[33m,[39m
     [90m 80 |[39m         { provide[33m:[39m [33mCampaignsRepository[39m[33m,[39m useValue[33m:[39m mockRepo }[33m,[39m[0m

      at TestingInjector.lookupComponentInParentModules (../../../node_modules/@nestjs/core/injector/injector.js:290:19)
      at TestingInjector.resolveComponentWrapper (../../../node_modules/@nestjs/testing/testing-injector.js:19:45)
      at resolveParam (../../../node_modules/@nestjs/core/injector/injector.js:140:38)
          at async Promise.all (index 4)
      at TestingInjector.resolveConstructorParams (../../../node_modules/@nestjs/core/injector/injector.js:169:27)
      at TestingInjector.loadInstance (../../../node_modules/@nestjs/core/injector/injector.js:75:13)
      at TestingInjector.loadProvider (../../../node_modules/@nestjs/core/injector/injector.js:103:9)
      at ../../../node_modules/@nestjs/core/injector/instance-loader.js:56:13
          at async Promise.all (index 3)
      at TestingInstanceLoader.createInstancesOfProviders (../../../node_modules/@nestjs/core/injector/instance-loader.js:55:9)
      at ../../../node_modules/@nestjs/core/injector/instance-loader.js:40:13
          at async Promise.all (index 1)
      at TestingInstanceLoader.createInstances (../../../node_modules/@nestjs/core/injector/instance-loader.js:39:9)
      at TestingInstanceLoader.createInstancesOfDependencies (../../../node_modules/@nestjs/core/injector/instance-loader.js:22:13)
      at TestingInstanceLoader.createInstancesOfDependencies (../../../node_modules/@nestjs/testing/testing-instance-loader.js:9:9)
      at TestingModuleBuilder.createInstancesOfDependencies (../../../node_modules/@nestjs/testing/testing-module.builder.js:118:9)
      at TestingModuleBuilder.compile (../../../node_modules/@nestjs/testing/testing-module.builder.js:74:9)
      at Object.<anonymous> (modules/campaigns/campaigns.service.spec.ts:77:35)

  ● CampaignsService › updateStatus › allows valid transition DRAFT → ACTIVE

    Nest can't resolve dependencies of the CampaignsService (CampaignsRepository, BranchesRepository, PlansService, AuditService, ?). Please make sure that the argument WhatsAppBspService at index [4] is available in the RootTestModule module.

    Potential solutions:
    - Is RootTestModule a valid NestJS module?
    - If WhatsAppBspService is a provider, is it part of the current RootTestModule?
    - If WhatsAppBspService is exported from a separate @Module, is that module imported within RootTestModule?
      @Module({
        imports: [ /* the Module containing WhatsAppBspService */ ]
      })

    For more common dependency resolution issues, see: https://docs.nestjs.com/faq/common-errors

    [0m [90m 75 |[39m     mockPlansService[33m.[39mgetLimits[33m.[39mmockResolvedValue([33mDEFAULT_LIMITS[39m)[33m;[39m
     [90m 76 |[39m
    [31m[1m>[22m[39m[90m 77 |[39m     [36mconst[39m module[33m:[39m [33mTestingModule[39m [33m=[39m [36mawait[39m [33mTest[39m[33m.[39mcreateTestingModule({
     [90m    |[39m                                   [31m[1m^[22m[39m
     [90m 78 |[39m       providers[33m:[39m [
     [90m 79 |[39m         [33mCampaignsService[39m[33m,[39m
     [90m 80 |[39m         { provide[33m:[39m [33mCampaignsRepository[39m[33m,[39m useValue[33m:[39m mockRepo }[33m,[39m[0m

      at TestingInjector.lookupComponentInParentModules (../../../node_modules/@nestjs/core/injector/injector.js:290:19)
      at TestingInjector.resolveComponentWrapper (../../../node_modules/@nestjs/testing/testing-injector.js:19:45)
      at resolveParam (../../../node_modules/@nestjs/core/injector/injector.js:140:38)
          at async Promise.all (index 4)
      at TestingInjector.resolveConstructorParams (../../../node_modules/@nestjs/core/injector/injector.js:169:27)
      at TestingInjector.loadInstance (../../../node_modules/@nestjs/core/injector/injector.js:75:13)
      at TestingInjector.loadProvider (../../../node_modules/@nestjs/core/injector/injector.js:103:9)
      at ../../../node_modules/@nestjs/core/injector/instance-loader.js:56:13
          at async Promise.all (index 3)
      at TestingInstanceLoader.createInstancesOfProviders (../../../node_modules/@nestjs/core/injector/instance-loader.js:55:9)
      at ../../../node_modules/@nestjs/core/injector/instance-loader.js:40:13
          at async Promise.all (index 1)
      at TestingInstanceLoader.createInstances (../../../node_modules/@nestjs/core/injector/instance-loader.js:39:9)
      at TestingInstanceLoader.createInstancesOfDependencies (../../../node_modules/@nestjs/core/injector/instance-loader.js:22:13)
      at TestingInstanceLoader.createInstancesOfDependencies (../../../node_modules/@nestjs/testing/testing-instance-loader.js:9:9)
      at TestingModuleBuilder.createInstancesOfDependencies (../../../node_modules/@nestjs/testing/testing-module.builder.js:118:9)
      at TestingModuleBuilder.compile (../../../node_modules/@nestjs/testing/testing-module.builder.js:74:9)
      at Object.<anonymous> (modules/campaigns/campaigns.service.spec.ts:77:35)

  ● CampaignsService › updateStatus › rejects invalid transition DRAFT → PAUSED

    Nest can't resolve dependencies of the CampaignsService (CampaignsRepository, BranchesRepository, PlansService, AuditService, ?). Please make sure that the argument WhatsAppBspService at index [4] is available in the RootTestModule module.

    Potential solutions:
    - Is RootTestModule a valid NestJS module?
    - If WhatsAppBspService is a provider, is it part of the current RootTestModule?
    - If WhatsAppBspService is exported from a separate @Module, is that module imported within RootTestModule?
      @Module({
        imports: [ /* the Module containing WhatsAppBspService */ ]
      })

    For more common dependency resolution issues, see: https://docs.nestjs.com/faq/common-errors

    [0m [90m 75 |[39m     mockPlansService[33m.[39mgetLimits[33m.[39mmockResolvedValue([33mDEFAULT_LIMITS[39m)[33m;[39m
     [90m 76 |[39m
    [31m[1m>[22m[39m[90m 77 |[39m     [36mconst[39m module[33m:[39m [33mTestingModule[39m [33m=[39m [36mawait[39m [33mTest[39m[33m.[39mcreateTestingModule({
     [90m    |[39m                                   [31m[1m^[22m[39m
     [90m 78 |[39m       providers[33m:[39m [
     [90m 79 |[39m         [33mCampaignsService[39m[33m,[39m
     [90m 80 |[39m         { provide[33m:[39m [33mCampaignsRepository[39m[33m,[39m useValue[33m:[39m mockRepo }[33m,[39m[0m

      at TestingInjector.lookupComponentInParentModules (../../../node_modules/@nestjs/core/injector/injector.js:290:19)
      at TestingInjector.resolveComponentWrapper (../../../node_modules/@nestjs/testing/testing-injector.js:19:45)
      at resolveParam (../../../node_modules/@nestjs/core/injector/injector.js:140:38)
          at async Promise.all (index 4)
      at TestingInjector.resolveConstructorParams (../../../node_modules/@nestjs/core/injector/injector.js:169:27)
      at TestingInjector.loadInstance (../../../node_modules/@nestjs/core/injector/injector.js:75:13)
      at TestingInjector.loadProvider (../../../node_modules/@nestjs/core/injector/injector.js:103:9)
      at ../../../node_modules/@nestjs/core/injector/instance-loader.js:56:13
          at async Promise.all (index 3)
      at TestingInstanceLoader.createInstancesOfProviders (../../../node_modules/@nestjs/core/injector/instance-loader.js:55:9)
      at ../../../node_modules/@nestjs/core/injector/instance-loader.js:40:13
          at async Promise.all (index 1)
      at TestingInstanceLoader.createInstances (../../../node_modules/@nestjs/core/injector/instance-loader.js:39:9)
      at TestingInstanceLoader.createInstancesOfDependencies (../../../node_modules/@nestjs/core/injector/instance-loader.js:22:13)
      at TestingInstanceLoader.createInstancesOfDependencies (../../../node_modules/@nestjs/testing/testing-instance-loader.js:9:9)
      at TestingModuleBuilder.createInstancesOfDependencies (../../../node_modules/@nestjs/testing/testing-module.builder.js:118:9)
      at TestingModuleBuilder.compile (../../../node_modules/@nestjs/testing/testing-module.builder.js:74:9)
      at Object.<anonymous> (modules/campaigns/campaigns.service.spec.ts:77:35)

  ● CampaignsService › updateStatus › allows ACTIVE → ARCHIVED

    Nest can't resolve dependencies of the CampaignsService (CampaignsRepository, BranchesRepository, PlansService, AuditService, ?). Please make sure that the argument WhatsAppBspService at index [4] is available in the RootTestModule module.

    Potential solutions:
    - Is RootTestModule a valid NestJS module?
    - If WhatsAppBspService is a provider, is it part of the current RootTestModule?
    - If WhatsAppBspService is exported from a separate @Module, is that module imported within RootTestModule?
      @Module({
        imports: [ /* the Module containing WhatsAppBspService */ ]
      })

    For more common dependency resolution issues, see: https://docs.nestjs.com/faq/common-errors

    [0m [90m 75 |[39m     mockPlansService[33m.[39mgetLimits[33m.[39mmockResolvedValue([33mDEFAULT_LIMITS[39m)[33m;[39m
     [90m 76 |[39m
    [31m[1m>[22m[39m[90m 77 |[39m     [36mconst[39m module[33m:[39m [33mTestingModule[39m [33m=[39m [36mawait[39m [33mTest[39m[33m.[39mcreateTestingModule({
     [90m    |[39m                                   [31m[1m^[22m[39m
     [90m 78 |[39m       providers[33m:[39m [
     [90m 79 |[39m         [33mCampaignsService[39m[33m,[39m
     [90m 80 |[39m         { provide[33m:[39m [33mCampaignsRepository[39m[33m,[39m useValue[33m:[39m mockRepo }[33m,[39m[0m

      at TestingInjector.lookupComponentInParentModules (../../../node_modules/@nestjs/core/injector/injector.js:290:19)
      at TestingInjector.resolveComponentWrapper (../../../node_modules/@nestjs/testing/testing-injector.js:19:45)
      at resolveParam (../../../node_modules/@nestjs/core/injector/injector.js:140:38)
          at async Promise.all (index 4)
      at TestingInjector.resolveConstructorParams (../../../node_modules/@nestjs/core/injector/injector.js:169:27)
      at TestingInjector.loadInstance (../../../node_modules/@nestjs/core/injector/injector.js:75:13)
      at TestingInjector.loadProvider (../../../node_modules/@nestjs/core/injector/injector.js:103:9)
      at ../../../node_modules/@nestjs/core/injector/instance-loader.js:56:13
          at async Promise.all (index 3)
      at TestingInstanceLoader.createInstancesOfProviders (../../../node_modules/@nestjs/core/injector/instance-loader.js:55:9)
      at ../../../node_modules/@nestjs/core/injector/instance-loader.js:40:13
          at async Promise.all (index 1)
      at TestingInstanceLoader.createInstances (../../../node_modules/@nestjs/core/injector/instance-loader.js:39:9)
      at TestingInstanceLoader.createInstancesOfDependencies (../../../node_modules/@nestjs/core/injector/instance-loader.js:22:13)
      at TestingInstanceLoader.createInstancesOfDependencies (../../../node_modules/@nestjs/testing/testing-instance-loader.js:9:9)
      at TestingModuleBuilder.createInstancesOfDependencies (../../../node_modules/@nestjs/testing/testing-module.builder.js:118:9)
      at TestingModuleBuilder.compile (../../../node_modules/@nestjs/testing/testing-module.builder.js:74:9)
      at Object.<anonymous> (modules/campaigns/campaigns.service.spec.ts:77:35)

  ● CampaignsService › updateStatus › allows ARCHIVED → DRAFT (unarchive)

    Nest can't resolve dependencies of the CampaignsService (CampaignsRepository, BranchesRepository, PlansService, AuditService, ?). Please make sure that the argument WhatsAppBspService at index [4] is available in the RootTestModule module.

    Potential solutions:
    - Is RootTestModule a valid NestJS module?
    - If WhatsAppBspService is a provider, is it part of the current RootTestModule?
    - If WhatsAppBspService is exported from a separate @Module, is that module imported within RootTestModule?
      @Module({
        imports: [ /* the Module containing WhatsAppBspService */ ]
      })

    For more common dependency resolution issues, see: https://docs.nestjs.com/faq/common-errors

    [0m [90m 75 |[39m     mockPlansService[33m.[39mgetLimits[33m.[39mmockResolvedValue([33mDEFAULT_LIMITS[39m)[33m;[39m
     [90m 76 |[39m
    [31m[1m>[22m[39m[90m 77 |[39m     [36mconst[39m module[33m:[39m [33mTestingModule[39m [33m=[39m [36mawait[39m [33mTest[39m[33m.[39mcreateTestingModule({
     [90m    |[39m                                   [31m[1m^[22m[39m
     [90m 78 |[39m       providers[33m:[39m [
     [90m 79 |[39m         [33mCampaignsService[39m[33m,[39m
     [90m 80 |[39m         { provide[33m:[39m [33mCampaignsRepository[39m[33m,[39m useValue[33m:[39m mockRepo }[33m,[39m[0m

      at TestingInjector.lookupComponentInParentModules (../../../node_modules/@nestjs/core/injector/injector.js:290:19)
      at TestingInjector.resolveComponentWrapper (../../../node_modules/@nestjs/testing/testing-injector.js:19:45)
      at resolveParam (../../../node_modules/@nestjs/core/injector/injector.js:140:38)
          at async Promise.all (index 4)
      at TestingInjector.resolveConstructorParams (../../../node_modules/@nestjs/core/injector/injector.js:169:27)
      at TestingInjector.loadInstance (../../../node_modules/@nestjs/core/injector/injector.js:75:13)
      at TestingInjector.loadProvider (../../../node_modules/@nestjs/core/injector/injector.js:103:9)
      at ../../../node_modules/@nestjs/core/injector/instance-loader.js:56:13
          at async Promise.all (index 3)
      at TestingInstanceLoader.createInstancesOfProviders (../../../node_modules/@nestjs/core/injector/instance-loader.js:55:9)
      at ../../../node_modules/@nestjs/core/injector/instance-loader.js:40:13
          at async Promise.all (index 1)
      at TestingInstanceLoader.createInstances (../../../node_modules/@nestjs/core/injector/instance-loader.js:39:9)
      at TestingInstanceLoader.createInstancesOfDependencies (../../../node_modules/@nestjs/core/injector/instance-loader.js:22:13)
      at TestingInstanceLoader.createInstancesOfDependencies (../../../node_modules/@nestjs/testing/testing-instance-loader.js:9:9)
      at TestingModuleBuilder.createInstancesOfDependencies (../../../node_modules/@nestjs/testing/testing-module.builder.js:118:9)
      at TestingModuleBuilder.compile (../../../node_modules/@nestjs/testing/testing-module.builder.js:74:9)
      at Object.<anonymous> (modules/campaigns/campaigns.service.spec.ts:77:35)

  ● CampaignsService › updateStatus › rejects ARCHIVED → ACTIVE (must go through DRAFT)

    Nest can't resolve dependencies of the CampaignsService (CampaignsRepository, BranchesRepository, PlansService, AuditService, ?). Please make sure that the argument WhatsAppBspService at index [4] is available in the RootTestModule module.

    Potential solutions:
    - Is RootTestModule a valid NestJS module?
    - If WhatsAppBspService is a provider, is it part of the current RootTestModule?
    - If WhatsAppBspService is exported from a separate @Module, is that module imported within RootTestModule?
      @Module({
        imports: [ /* the Module containing WhatsAppBspService */ ]
      })

    For more common dependency resolution issues, see: https://docs.nestjs.com/faq/common-errors

    [0m [90m 75 |[39m     mockPlansService[33m.[39mgetLimits[33m.[39mmockResolvedValue([33mDEFAULT_LIMITS[39m)[33m;[39m
     [90m 76 |[39m
    [31m[1m>[22m[39m[90m 77 |[39m     [36mconst[39m module[33m:[39m [33mTestingModule[39m [33m=[39m [36mawait[39m [33mTest[39m[33m.[39mcreateTestingModule({
     [90m    |[39m                                   [31m[1m^[22m[39m
     [90m 78 |[39m       providers[33m:[39m [
     [90m 79 |[39m         [33mCampaignsService[39m[33m,[39m
     [90m 80 |[39m         { provide[33m:[39m [33mCampaignsRepository[39m[33m,[39m useValue[33m:[39m mockRepo }[33m,[39m[0m

      at TestingInjector.lookupComponentInParentModules (../../../node_modules/@nestjs/core/injector/injector.js:290:19)
      at TestingInjector.resolveComponentWrapper (../../../node_modules/@nestjs/testing/testing-injector.js:19:45)
      at resolveParam (../../../node_modules/@nestjs/core/injector/injector.js:140:38)
          at async Promise.all (index 4)
      at TestingInjector.resolveConstructorParams (../../../node_modules/@nestjs/core/injector/injector.js:169:27)
      at TestingInjector.loadInstance (../../../node_modules/@nestjs/core/injector/injector.js:75:13)
      at TestingInjector.loadProvider (../../../node_modules/@nestjs/core/injector/injector.js:103:9)
      at ../../../node_modules/@nestjs/core/injector/instance-loader.js:56:13
          at async Promise.all (index 3)
      at TestingInstanceLoader.createInstancesOfProviders (../../../node_modules/@nestjs/core/injector/instance-loader.js:55:9)
      at ../../../node_modules/@nestjs/core/injector/instance-loader.js:40:13
          at async Promise.all (index 1)
      at TestingInstanceLoader.createInstances (../../../node_modules/@nestjs/core/injector/instance-loader.js:39:9)
      at TestingInstanceLoader.createInstancesOfDependencies (../../../node_modules/@nestjs/core/injector/instance-loader.js:22:13)
      at TestingInstanceLoader.createInstancesOfDependencies (../../../node_modules/@nestjs/testing/testing-instance-loader.js:9:9)
      at TestingModuleBuilder.createInstancesOfDependencies (../../../node_modules/@nestjs/testing/testing-module.builder.js:118:9)
      at TestingModuleBuilder.compile (../../../node_modules/@nestjs/testing/testing-module.builder.js:74:9)
      at Object.<anonymous> (modules/campaigns/campaigns.service.spec.ts:77:35)

  ● CampaignsService › updateStatus › throws NotFoundException for missing campaign

    Nest can't resolve dependencies of the CampaignsService (CampaignsRepository, BranchesRepository, PlansService, AuditService, ?). Please make sure that the argument WhatsAppBspService at index [4] is available in the RootTestModule module.

    Potential solutions:
    - Is RootTestModule a valid NestJS module?
    - If WhatsAppBspService is a provider, is it part of the current RootTestModule?
    - If WhatsAppBspService is exported from a separate @Module, is that module imported within RootTestModule?
      @Module({
        imports: [ /* the Module containing WhatsAppBspService */ ]
      })

    For more common dependency resolution issues, see: https://docs.nestjs.com/faq/common-errors

    [0m [90m 75 |[39m     mockPlansService[33m.[39mgetLimits[33m.[39mmockResolvedValue([33mDEFAULT_LIMITS[39m)[33m;[39m
     [90m 76 |[39m
    [31m[1m>[22m[39m[90m 77 |[39m     [36mconst[39m module[33m:[39m [33mTestingModule[39m [33m=[39m [36mawait[39m [33mTest[39m[33m.[39mcreateTestingModule({
     [90m    |[39m                                   [31m[1m^[22m[39m
     [90m 78 |[39m       providers[33m:[39m [
     [90m 79 |[39m         [33mCampaignsService[39m[33m,[39m
     [90m 80 |[39m         { provide[33m:[39m [33mCampaignsRepository[39m[33m,[39m useValue[33m:[39m mockRepo }[33m,[39m[0m

      at TestingInjector.lookupComponentInParentModules (../../../node_modules/@nestjs/core/injector/injector.js:290:19)
      at TestingInjector.resolveComponentWrapper (../../../node_modules/@nestjs/testing/testing-injector.js:19:45)
      at resolveParam (../../../node_modules/@nestjs/core/injector/injector.js:140:38)
          at async Promise.all (index 4)
      at TestingInjector.resolveConstructorParams (../../../node_modules/@nestjs/core/injector/injector.js:169:27)
      at TestingInjector.loadInstance (../../../node_modules/@nestjs/core/injector/injector.js:75:13)
      at TestingInjector.loadProvider (../../../node_modules/@nestjs/core/injector/injector.js:103:9)
      at ../../../node_modules/@nestjs/core/injector/instance-loader.js:56:13
          at async Promise.all (index 3)
      at TestingInstanceLoader.createInstancesOfProviders (../../../node_modules/@nestjs/core/injector/instance-loader.js:55:9)
      at ../../../node_modules/@nestjs/core/injector/instance-loader.js:40:13
          at async Promise.all (index 1)
      at TestingInstanceLoader.createInstances (../../../node_modules/@nestjs/core/injector/instance-loader.js:39:9)
      at TestingInstanceLoader.createInstancesOfDependencies (../../../node_modules/@nestjs/core/injector/instance-loader.js:22:13)
      at TestingInstanceLoader.createInstancesOfDependencies (../../../node_modules/@nestjs/testing/testing-instance-loader.js:9:9)
      at TestingModuleBuilder.createInstancesOfDependencies (../../../node_modules/@nestjs/testing/testing-module.builder.js:118:9)
      at TestingModuleBuilder.compile (../../../node_modules/@nestjs/testing/testing-module.builder.js:74:9)
      at Object.<anonymous> (modules/campaigns/campaigns.service.spec.ts:77:35)

FAIL src/modules/metrics/metrics.service.spec.ts
  ● MetricsService › returns the MVP dashboard with exactly three KPIs

    expect(received).toEqual(expected) // deep equality

    - Expected  - 0
    + Received  + 1

    @@ -2,9 +2,10 @@
        Object {
          "acknowledgedByOwner": false,
          "comment": "Demora larga",
          "createdAt": "2026-05-02T09:00:00.000Z",
          "customerName": "Maria Garcia",
    +     "customerPhone": null,
          "id": "feedback-1",
          "score": 2,
        },
      ]

    [0m [90m 141 |[39m       reactivatedCustomers[33m:[39m [35m0[39m[33m,[39m
     [90m 142 |[39m     })[33m;[39m
    [31m[1m>[22m[39m[90m 143 |[39m     expect(result[33m.[39mnegativeFeedback)[33m.[39mtoEqual([
     [90m     |[39m                                     [31m[1m^[22m[39m
     [90m 144 |[39m       {
     [90m 145 |[39m         id[33m:[39m [32m'feedback-1'[39m[33m,[39m
     [90m 146 |[39m         createdAt[33m:[39m [32m'2026-05-02T09:00:00.000Z'[39m[33m,[39m[0m

      at Object.<anonymous> (modules/metrics/metrics.service.spec.ts:143:37)

FAIL src/modules/widgets/widgets.service.spec.ts
  ● WidgetsService › returns embeddable toast payload from detected Google reviews

    TypeError: this.widgetsRepository.findActiveByMode is not a function

    [0m [90m 156 |[39m
     [90m 157 |[39m   [36masync[39m getEmbeddableWidgetByBusiness(businessId[33m:[39m string[33m,[39m mode[33m?[39m[33m:[39m string) {
    [31m[1m>[22m[39m[90m 158 |[39m     [36mconst[39m widget [33m=[39m [36mawait[39m [36mthis[39m[33m.[39mwidgetsRepository[33m.[39mfindActiveByMode(
     [90m     |[39m                                                 [31m[1m^[22m[39m
     [90m 159 |[39m       businessId[33m,[39m
     [90m 160 |[39m       mode[33m,[39m
     [90m 161 |[39m     )[33m;[39m[0m

      at WidgetsService.getEmbeddableWidgetByBusiness (modules/widgets/widgets.service.ts:158:49)
      at Object.<anonymous> (modules/widgets/widgets.service.spec.ts:242:34)

FAIL src/modules/integrations/google-calendar/google-calendar-parser.spec.ts
  ● GoogleCalendarParserService › parses international +598 format

    expect(received).toBe(expected) // Object.is equality

    Expected: "María García"
    Received: "María García 8"

    [0m [90m 22 |[39m   it([32m'parses international +598 format'[39m[33m,[39m () [33m=>[39m {
     [90m 23 |[39m     [36mconst[39m r [33m=[39m parse([32m'María García +598912345678'[39m)[33m;[39m
    [31m[1m>[22m[39m[90m 24 |[39m     expect(r[33m.[39mcustomerName)[33m.[39mtoBe([32m'María García'[39m)[33m;[39m
     [90m    |[39m                            [31m[1m^[22m[39m
     [90m 25 |[39m     expect(r[33m.[39mcustomerPhone)[33m.[39mtoBe([32m'+598912345678'[39m)[33m;[39m
     [90m 26 |[39m   })[33m;[39m
     [90m 27 |[39m[0m

      at Object.<anonymous> (modules/integrations/google-calendar/google-calendar-parser.spec.ts:24:28)

[31m[Nest] 39664  - [39m08/07/2026, 10:16:21 AM [31m  ERROR[39m [38;5;3m[GoogleReviewDetectionWorker] [39m[31mGoogle review detection failed for business business-error[39m
Error: Google API unavailable
    at Object.<anonymous> (C:\Users\fabri\OneDrive\Desktop\flikker system\flikker-os\apps\api\src\jobs\workers\google-review-detection.worker.spec.ts:32:32)
    at Promise.finally.completed (C:\Users\fabri\OneDrive\Desktop\flikker system\flikker-os\node_modules\jest-circus\build\jestAdapterInit.js:1557:28)
    at new Promise (<anonymous>)
    at callAsyncCircusFn (C:\Users\fabri\OneDrive\Desktop\flikker system\flikker-os\node_modules\jest-circus\build\jestAdapterInit.js:1497:10)
    at _callCircusTest (C:\Users\fabri\OneDrive\Desktop\flikker system\flikker-os\node_modules\jest-circus\build\jestAdapterInit.js:1007:40)
    at _runTest (C:\Users\fabri\OneDrive\Desktop\flikker system\flikker-os\node_modules\jest-circus\build\jestAdapterInit.js:947:3)
    at C:\Users\fabri\OneDrive\Desktop\flikker system\flikker-os\node_modules\jest-circus\build\jestAdapterInit.js:849:7
    at _runTestsForDescribeBlock (C:\Users\fabri\OneDrive\Desktop\flikker system\flikker-os\node_modules\jest-circus\build\jestAdapterInit.js:862:11)
    at _runTestsForDescribeBlock (C:\Users\fabri\OneDrive\Desktop\flikker system\flikker-os\node_modules\jest-circus\build\jestAdapterInit.js:857:11)
    at run (C:\Users\fabri\OneDrive\Desktop\flikker system\flikker-os\node_modules\jest-circus\build\jestAdapterInit.js:761:3)
    at runAndTransformResultsToJestFormat (C:\Users\fabri\OneDrive\Desktop\flikker system\flikker-os\node_modules\jest-circus\build\jestAdapterInit.js:1918:21)
    at jestAdapter (C:\Users\fabri\OneDrive\Desktop\flikker system\flikker-os\node_modules\jest-circus\build\runner.js:101:19)
    at runTestInternal (C:\Users\fabri\OneDrive\Desktop\flikker system\flikker-os\node_modules\jest-runner\build\index.js:275:16)
    at runTest (C:\Users\fabri\OneDrive\Desktop\flikker system\flikker-os\node_modules\jest-runner\build\index.js:343:7)
[32m[Nest] 39664  - [39m08/07/2026, 10:16:22 AM [32m    LOG[39m [38;5;3m[GoogleReviewDetectionWorker] [39m[32m[initial-review-scrape] Iniciando para businessId: business-1[39m
[32m[Nest] 39664  - [39m08/07/2026, 10:16:22 AM [32m    LOG[39m [38;5;3m[GoogleReviewDetectionWorker] [39m[32m[initial-review-scrape] Completado: 1 reseñas importadas[39m
[32m[Nest] 39664  - [39m08/07/2026, 10:16:22 AM [32m    LOG[39m [38;5;3m[GoogleReviewDetectionWorker] [39m[32m[initial-review-scrape] Iniciando para businessId: business-1 (backfill completo)[39m
[32m[Nest] 39664  - [39m08/07/2026, 10:16:22 AM [32m    LOG[39m [38;5;3m[GoogleReviewDetectionWorker] [39m[32m[initial-review-scrape] Completado: 0 reseñas importadas[39m
[32m[Nest] 39664  - [39m08/07/2026, 10:16:25 AM [32m    LOG[39m [38;5;3m[AuthService] [39m[32mPassword changed by user u-1[39m
[32m[Nest] 39664  - [39m08/07/2026, 10:16:26 AM [32m    LOG[39m [38;5;3m[RetentionV2EvaluateService] [39m[32mRetention V2 evaluate businesses=1 assigned=1 dryRunCandidates=0 31ms[39m
[32m[Nest] 39664  - [39m08/07/2026, 10:16:26 AM [32m    LOG[39m [38;5;3m[RetentionV2EvaluateService] [39m[32mRetention V2 evaluate businesses=1 assigned=4 dryRunCandidates=0 46ms[39m
[32m[Nest] 39664  - [39m08/07/2026, 10:16:26 AM [32m    LOG[39m [38;5;3m[RetentionV2EvaluateService] [39m[32mRetention V2 evaluate businesses=1 assigned=0 dryRunCandidates=0 22ms[39m
[32m[Nest] 39664  - [39m08/07/2026, 10:16:26 AM [32m    LOG[39m [38;5;3m[RetentionV2EvaluateService] [39m[32mRetention V2 evaluate businesses=1 assigned=0 dryRunCandidates=0 18ms[39m
[33m[Nest] 39664  - [39m08/07/2026, 10:16:27 AM [33m   WARN[39m [38;5;3m[SimulationWorker] [39m[33mUnknown simulation job: some-other-job[39m
[32m[Nest] 39664  - [39m08/07/2026, 10:16:29 AM [32m    LOG[39m [38;5;3m[RetentionV2Worker] [39m[32mRetention V2 evaluate queued=2 assigned=3[39m
[32m[Nest] 39664  - [39m08/07/2026, 10:16:29 AM [32m    LOG[39m [38;5;3m[RetentionV2Worker] [39m[32mRetention V2 evaluate queued=1 assigned=3[39m
[32m[Nest] 39664  - [39m08/07/2026, 10:16:29 AM [32m    LOG[39m [38;5;3m[RetentionV2Worker] [39m[32mRetention V2 evaluate queued=1 assigned=0[39m
[32m[Nest] 39664  - [39m08/07/2026, 10:16:29 AM [32m    LOG[39m [38;5;3m[RetentionV2Worker] [39m[32mRetention V2 evaluate queued=0 assigned=3[39m
[32m[Nest] 39664  - [39m08/07/2026, 10:16:29 AM [32m    LOG[39m [38;5;3m[RetentionV2Worker] [39m[32mRetention V2 evaluate queued=0 assigned=3[39m
[33m[Nest] 39664  - [39m08/07/2026, 10:16:29 AM [33m   WARN[39m [38;5;3m[RetentionV2Worker] [39m[33mUnknown retention-v2 job: something-else[39m
[32m[Nest] 39664  - [39m08/07/2026, 10:16:29 AM [32m    LOG[39m [38;5;3m[RetentionProcessor] [39m[32mRetention daily run queued=0 sequences=0 0ms[39m
[32m[Nest] 39664  - [39m08/07/2026, 10:16:29 AM [32m    LOG[39m [38;5;3m[RetentionProcessor] [39m[32mRetention daily run queued=0 sequences=0 0ms[39m
[32m[Nest] 39664  - [39m08/07/2026, 10:16:29 AM [32m    LOG[39m [38;5;3m[RetentionProcessor] [39m[32mRetention daily run queued=1 sequences=1 0ms[39m
[32m[Nest] 39664  - [39m08/07/2026, 10:16:29 AM [32m    LOG[39m [38;5;3m[RetentionProcessor] [39m[32mRetention daily run queued=0 sequences=0 0ms[39m
[31m[Nest] 39664  - [39m08/07/2026, 10:16:30 AM [31m  ERROR[39m [38;5;3m[RedirectsService] [39m[31mFailed to record scan for QR qr-1: DB down[39m
Error: DB down
    at Object.<anonymous> (C:\Users\fabri\OneDrive\Desktop\flikker system\flikker-os\apps\api\src\modules\redirects\redirects.service.spec.ts:249:49)
    at Promise.finally.completed (C:\Users\fabri\OneDrive\Desktop\flikker system\flikker-os\node_modules\jest-circus\build\jestAdapterInit.js:1557:28)
    at new Promise (<anonymous>)
    at callAsyncCircusFn (C:\Users\fabri\OneDrive\Desktop\flikker system\flikker-os\node_modules\jest-circus\build\jestAdapterInit.js:1497:10)
    at _callCircusTest (C:\Users\fabri\OneDrive\Desktop\flikker system\flikker-os\node_modules\jest-circus\build\jestAdapterInit.js:1007:40)
    at _runTest (C:\Users\fabri\OneDrive\Desktop\flikker system\flikker-os\node_modules\jest-circus\build\jestAdapterInit.js:947:3)
    at C:\Users\fabri\OneDrive\Desktop\flikker system\flikker-os\node_modules\jest-circus\build\jestAdapterInit.js:849:7
    at _runTestsForDescribeBlock (C:\Users\fabri\OneDrive\Desktop\flikker system\flikker-os\node_modules\jest-circus\build\jestAdapterInit.js:862:11)
    at _runTestsForDescribeBlock (C:\Users\fabri\OneDrive\Desktop\flikker system\flikker-os\node_modules\jest-circus\build\jestAdapterInit.js:857:11)
    at _runTestsForDescribeBlock (C:\Users\fabri\OneDrive\Desktop\flikker system\flikker-os\node_modules\jest-circus\build\jestAdapterInit.js:857:11)
    at run (C:\Users\fabri\OneDrive\Desktop\flikker system\flikker-os\node_modules\jest-circus\build\jestAdapterInit.js:761:3)
    at runAndTransformResultsToJestFormat (C:\Users\fabri\OneDrive\Desktop\flikker system\flikker-os\node_modules\jest-circus\build\jestAdapterInit.js:1918:21)
    at jestAdapter (C:\Users\fabri\OneDrive\Desktop\flikker system\flikker-os\node_modules\jest-circus\build\runner.js:101:19)
    at runTestInternal (C:\Users\fabri\OneDrive\Desktop\flikker system\flikker-os\node_modules\jest-runner\build\index.js:275:16)
    at runTest (C:\Users\fabri\OneDrive\Desktop\flikker system\flikker-os\node_modules\jest-runner\build\index.js:343:7)
[32m[Nest] 39664  - [39m08/07/2026, 10:16:31 AM [32m    LOG[39m [38;5;3m[RaffleProcessor] [39m[32mRaffle tick drawn=0 checked=1 1ms[39m
[32m[Nest] 39664  - [39m08/07/2026, 10:16:31 AM [32m    LOG[39m [38;5;3m[RaffleProcessor] [39m[32mRaffle tick drawn=0 checked=1 0ms[39m
[32m[Nest] 39664  - [39m08/07/2026, 10:16:31 AM [32m    LOG[39m [38;5;3m[RaffleProcessor] [39m[32mRaffle tick drawn=0 checked=1 0ms[39m
[32m[Nest] 39664  - [39m08/07/2026, 10:16:31 AM [32m    LOG[39m [38;5;3m[RaffleProcessor] [39m[32mRaffle tick drawn=1 checked=1 0ms[39m
[32m[Nest] 39664  - [39m08/07/2026, 10:16:31 AM [32m    LOG[39m [38;5;3m[RaffleProcessor] [39m[32mRaffle tick drawn=0 checked=1 0ms[39m
[32m[Nest] 39664  - [39m08/07/2026, 10:16:31 AM [32m    LOG[39m [38;5;3m[RetentionProcessor] [39m[32mRetention daily run queued=2 sequences=1 0ms[39m
[32m[Nest] 39664  - [39m08/07/2026, 10:16:31 AM [32m    LOG[39m [38;5;3m[RetentionProcessor] [39m[32mRetention daily run queued=0 sequences=1 0ms[39m
[33m[Nest] 39664  - [39m08/07/2026, 10:16:31 AM [33m   WARN[39m [38;5;3m[RetentionProcessor] [39m[33mRetention send skipped for customer cust-1 offset 20: unique violation[39m
[32m[Nest] 39664  - [39m08/07/2026, 10:16:31 AM [32m    LOG[39m [38;5;3m[RetentionProcessor] [39m[32mRetention daily run queued=0 sequences=1 0ms[39m
[32m[Nest] 39664  - [39m08/07/2026, 10:16:33 AM [32m    LOG[39m [38;5;3m[OpenAiProviderService] [39m[32mOpenAI RETENTION_MESSAGE model=gpt-4o-mini latencyMs=0 tokens=40/8[39m
[32m[Nest] 39664  - [39m08/07/2026, 10:16:33 AM [32m    LOG[39m [38;5;3m[OpenAiProviderService] [39m[32mOpenAI RETENTION_MESSAGE model=gpt-4o-mini latencyMs=0 tokens=?/?[39m
[33m[Nest] 39664  - [39m08/07/2026, 10:16:33 AM [33m   WARN[39m [38;5;3m[RetentionAiCopyService] [39m[33mAI copy generation failed for RETENTION_MESSAGE (TIMEOUT): boom[39m
[33m[Nest] 39664  - [39m08/07/2026, 10:16:33 AM [33m   WARN[39m [38;5;3m[RetentionAiCopyService] [39m[33mAI copy rejected for RETENTION_MESSAGE: UNAUTHORIZED_PERCENTAGE[39m
[33m[Nest] 39664  - [39m08/07/2026, 10:16:33 AM [33m   WARN[39m [38;5;3m[RetentionAiCopyService] [39m[33mAI copy rejected for REWARD_UNLOCKED_MESSAGE: MISSING_REQUIRED_CTA[39m
[33m[Nest] 39664  - [39m08/07/2026, 10:16:33 AM [33m   WARN[39m [38;5;3m[AiRecommendationExplanationService] [39m[33mAI recommendation explanation failed (HTTP_ERROR): boom[39m
[33m[Nest] 39664  - [39m08/07/2026, 10:16:33 AM [33m   WARN[39m [38;5;3m[AiRecommendationExplanationService] [39m[33mAI recommendation explanation contradicted the engine's winner for experiment exp-1 — rejected[39m
[33m[Nest] 39664  - [39m08/07/2026, 10:16:33 AM [33m   WARN[39m [38;5;3m[AiRecommendationExplanationService] [39m[33mAI recommendation explanation contradicted the engine's winner for experiment exp-1 — rejected[39m
[32m[Nest] 39664  - [39m08/07/2026, 10:16:34 AM [32m    LOG[39m [38;5;3m[RewardGoalSweepService] [39m[32mReward goal sweep businesses=1 evaluated=1 created=0 dryRun=false[39m
[32m[Nest] 39664  - [39m08/07/2026, 10:16:34 AM [32m    LOG[39m [38;5;3m[RewardGoalSweepService] [39m[32mReward goal sweep businesses=1 evaluated=0 created=0 dryRun=false[39m
[32m[Nest] 39664  - [39m08/07/2026, 10:16:34 AM [32m    LOG[39m [38;5;3m[RewardGoalSweepService] [39m[32mReward goal sweep businesses=1 evaluated=1 created=0 dryRun=false[39m
[32m[Nest] 39664  - [39m08/07/2026, 10:16:34 AM [32m    LOG[39m [38;5;3m[RewardGoalSweepService] [39m[32mReward goal sweep businesses=1 evaluated=1 wouldCreate=1 dryRun=true[39m
[32m[Nest] 39664  - [39m08/07/2026, 10:16:34 AM [32m    LOG[39m [38;5;3m[RewardGoalSweepService] [39m[32mReward goal expiry checked=0 expired=0[39m
[32m[Nest] 39664  - [39m08/07/2026, 10:16:34 AM [32m    LOG[39m [38;5;3m[RewardGoalSweepService] [39m[32mReward goal expiry checked=1 expired=1[39m
[32m[Nest] 39664  - [39m08/07/2026, 10:16:34 AM [32m    LOG[39m [38;5;3m[RewardGoalSweepService] [39m[32mReward goal expiry checked=1 expired=1[39m
[32m[Nest] 39664  - [39m08/07/2026, 10:16:34 AM [32m    LOG[39m [38;5;3m[RewardGoalSweepService] [39m[32mReward goal expiry checked=1 expired=0[39m
[32m[Nest] 39664  - [39m08/07/2026, 10:16:34 AM [32m    LOG[39m [38;5;3m[RewardGoalSweepService] [39m[32mReward goal expiry checked=2 expired=2[39m
[31m[Nest] 39664  - [39m08/07/2026, 10:16:34 AM [31m  ERROR[39m [38;5;3m[RewardGoalSweepService] [39m[31mReward goal sweep failed for business biz-bad: boom[39m
[32m[Nest] 39664  - [39m08/07/2026, 10:16:34 AM [32m    LOG[39m [38;5;3m[RewardGoalSweepService] [39m[32mReward goal sweep businesses=2 evaluated=1 created=0 dryRun=false[39m
[33m[Nest] 39664  - [39m08/07/2026, 10:16:34 AM [33m   WARN[39m [38;5;3m[AiUsageService] [39m[33mAI daily cap reached for business biz-1 (10/10)[39m
[33m[Nest] 39664  - [39m08/07/2026, 10:16:34 AM [33m   WARN[39m [38;5;3m[AiUsageService] [39m[33mAI monthly cap reached for business biz-1 (100/100)[39m
[33m[Nest] 39664  - [39m08/07/2026, 10:16:34 AM [33m   WARN[39m [38;5;3m[AiUsageService] [39m[33mAI usage record failed (RETENTION_MESSAGE): db down[39m
[33m[Nest] 39664  - [39m08/07/2026, 10:16:34 AM [33m   WARN[39m [38;5;3m[RewardGoalEngineService] [39m[33mReward goal creation raced for customer cust-1: unique violation[39m
[33m[Nest] 39664  - [39m08/07/2026, 10:16:35 AM [33m   WARN[39m [38;5;3m[AiConfigService] [39m[33mAI_ENABLED=true but OPENAI_API_KEY is not set — every AI call will fall back to deterministic templates.[39m
[33m[Nest] 39664  - [39m08/07/2026, 10:16:35 AM [33m   WARN[39m [38;5;3m[AiConfigService] [39m[33mAI_ENABLED=true but OPENAI_API_KEY is not set — every AI call will fall back to deterministic templates.[39m
[32m[Nest] 39664  - [39m08/07/2026, 10:16:36 AM [32m    LOG[39m [38;5;3m[RetentionProcessor] [39m[32mRetention daily run queued=0 sequences=0 0ms[39m
[32m[Nest] 39664  - [39m08/07/2026, 10:16:36 AM [32m    LOG[39m [38;5;3m[RetentionV2EvaluateService] [39m[32mRetention V2 evaluate businesses=0 assigned=0 dryRunCandidates=0 0ms[39m
[32m[Nest] 39664  - [39m08/07/2026, 10:16:36 AM [32m    LOG[39m [38;5;3m[RetentionProcessor] [39m[32mRetention daily run queued=0 sequences=0 0ms[39m
[32m[Nest] 39664  - [39m08/07/2026, 10:16:36 AM [32m    LOG[39m [38;5;3m[RetentionV2EvaluateService] [39m[32mRetention V2 evaluate businesses=0 assigned=0 dryRunCandidates=0 0ms[39m
[32m[Nest] 39664  - [39m08/07/2026, 10:16:36 AM [32m    LOG[39m [38;5;3m[RetentionV2EvaluateService] [39m[32mRetention V2 evaluate businesses=0 assigned=0 dryRunCandidates=0 0ms[39m
[32m[Nest] 39664  - [39m08/07/2026, 10:16:36 AM [32m    LOG[39m [38;5;3m[RetentionProcessor] [39m[32mRetention daily run queued=0 sequences=0 0ms[39m
[32m[Nest] 39664  - [39m08/07/2026, 10:16:36 AM [32m    LOG[39m [38;5;3m[RetentionV2EvaluateService] [39m[32mRetention V2 evaluate businesses=0 assigned=0 dryRunCandidates=0 0ms[39m
[32m[Nest] 39664  - [39m08/07/2026, 10:16:36 AM [32m    LOG[39m [38;5;3m[RetentionProcessor] [39m[32mRetention daily run queued=0 sequences=0 0ms[39m
[32m[Nest] 39664  - [39m08/07/2026, 10:16:36 AM [32m    LOG[39m [38;5;3m[RetentionV2EvaluateService] [39m[32mRetention V2 evaluate businesses=0 assigned=0 dryRunCandidates=0 0ms[39m
[33m[Nest] 39664  - [39m08/07/2026, 10:16:36 AM [33m   WARN[39m [38;5;3m[SimulationConfigService] [39m[33mSIMULATION_ENABLED=true but SIMULATION_DATABASE_URL is not set — the Simulation Center will report itself as unavailable until a dedicated simulation database is configured.[39m
[33m[Nest] 39664  - [39m08/07/2026, 10:16:36 AM [33m   WARN[39m [38;5;3m[SimulationConfigService] [39m[33mSIMULATION_ENABLED=true but SIMULATION_DATABASE_URL is not set — the Simulation Center will report itself as unavailable until a dedicated simulation database is configured.[39m
[32m[Nest] 39664  - [39m08/07/2026, 10:16:36 AM [32m    LOG[39m [38;5;3m[RetentionOptimizationService] [39m[32mOptimization AUTOMATIC_WORKER experiment=exp-1 status=SKIPPED reason=OPTIMIZATION_NOT_ELIGIBLE[39m
[32m[Nest] 39664  - [39m08/07/2026, 10:16:36 AM [32m    LOG[39m [38;5;3m[RetentionOptimizationService] [39m[32mOptimization AUTOMATIC_WORKER experiment=exp-1 status=SKIPPED reason=OPTIMIZATION_NOT_ELIGIBLE[39m
[32m[Nest] 39664  - [39m08/07/2026, 10:16:36 AM [32m    LOG[39m [38;5;3m[RetentionOptimizationService] [39m[32mOptimization AUTOMATIC_WORKER experiment=exp-1 status=PREVIEWED reason=DRY_RUN_OPTIMIZATION_PROPOSED[39m
[32m[Nest] 39664  - [39m08/07/2026, 10:16:36 AM [32m    LOG[39m [38;5;3m[RetentionOptimizationService] [39m[32mOptimization AUTOMATIC_WORKER experiment=exp-1 status=SKIPPED reason=OPTIMIZATION_INSUFFICIENT_DATA[39m
[32m[Nest] 39664  - [39m08/07/2026, 10:16:36 AM [32m    LOG[39m [38;5;3m[RetentionOptimizationService] [39m[32mOptimization AUTOMATIC_WORKER experiment=exp-1 status=SKIPPED reason=OPTIMIZATION_NOT_ELIGIBLE[39m
[32m[Nest] 39664  - [39m08/07/2026, 10:16:36 AM [32m    LOG[39m [38;5;3m[RetentionOptimizationService] [39m[32mOptimization AUTOMATIC_WORKER experiment=exp-1 status=SKIPPED reason=OPTIMIZATION_COOLDOWN[39m
[32m[Nest] 39664  - [39m08/07/2026, 10:16:36 AM [32m    LOG[39m [38;5;3m[RetentionOptimizationService] [39m[32mOptimization AUTOMATIC_WORKER experiment=exp-1 status=SKIPPED reason=OPTIMIZATION_NO_CONCLUSION[39m
[32m[Nest] 39664  - [39m08/07/2026, 10:16:36 AM [32m    LOG[39m [38;5;3m[RetentionOptimizationService] [39m[32mOptimization AUTOMATIC_WORKER experiment=exp-1 status=SKIPPED reason=OPTIMIZATION_BUDGET_CONSTRAINED[39m
[32m[Nest] 39664  - [39m08/07/2026, 10:16:36 AM [32m    LOG[39m [38;5;3m[RetentionOptimizationService] [39m[32mOptimization AUTOMATIC_WORKER experiment=exp-1 status=SKIPPED reason=OPTIMIZATION_INSUFFICIENT_DATA[39m
[32m[Nest] 39664  - [39m08/07/2026, 10:16:36 AM [32m    LOG[39m [38;5;3m[RetentionOptimizationService] [39m[32mOptimization MANUAL_APPLY experiment=exp-1 status=APPLIED reason=OPTIMIZATION_BEST_ECONOMIC[39m
[32m[Nest] 39664  - [39m08/07/2026, 10:16:36 AM [32m    LOG[39m [38;5;3m[RetentionOptimizationService] [39m[32mOptimization MANUAL_PREVIEW experiment=exp-1 status=SKIPPED reason=OPTIMIZATION_NOT_ELIGIBLE[39m
[32m[Nest] 39664  - [39m08/07/2026, 10:16:36 AM [32m    LOG[39m [38;5;3m[RetentionOptimizationService] [39m[32mOptimization MANUAL_APPLY experiment=exp-1 status=SKIPPED reason=OPTIMIZATION_NOT_ELIGIBLE[39m
[32m[Nest] 39664  - [39m08/07/2026, 10:16:36 AM [32m    LOG[39m [38;5;3m[RetentionOptimizationService] [39m[32mOptimization MANUAL_PREVIEW experiment=exp-1 status=PREVIEWED reason=OPTIMIZATION_BEST_ECONOMIC[39m
[32m[Nest] 39664  - [39m08/07/2026, 10:16:36 AM [32m    LOG[39m [38;5;3m[RetentionOptimizationService] [39m[32mOptimization AUTOMATIC_WORKER experiment=exp-1 status=SKIPPED reason=OPTIMIZATION_NOT_ELIGIBLE[39m
[32m[Nest] 39664  - [39m08/07/2026, 10:16:36 AM [32m    LOG[39m [38;5;3m[RetentionOptimizationService] [39m[32mOptimization MANUAL_APPLY experiment=exp-1 status=APPLIED reason=OPTIMIZATION_BEST_ECONOMIC[39m
[32m[Nest] 39664  - [39m08/07/2026, 10:16:36 AM [32m    LOG[39m [38;5;3m[RetentionOptimizationService] [39m[32mOptimization AUTOMATIC_WORKER experiment=exp-1 status=APPLIED reason=OPTIMIZATION_BEST_ECONOMIC[39m
[32m[Nest] 39664  - [39m08/07/2026, 10:16:36 AM [32m    LOG[39m [38;5;3m[RetentionOptimizationService] [39m[32mOptimization AUTOMATIC_WORKER experiment=exp-1 status=APPLIED reason=OPTIMIZATION_BEST_ECONOMIC[39m
[32m[Nest] 39664  - [39m08/07/2026, 10:16:36 AM [32m    LOG[39m [38;5;3m[RetentionOptimizationService] [39m[32mOptimization AUTOMATIC_WORKER experiment=exp-1 status=SKIPPED reason=OPTIMIZATION_NOT_ELIGIBLE[39m
[33m[Nest] 39664  - [39m08/07/2026, 10:16:36 AM [33m   WARN[39m [38;5;3m[RetentionV2SendService] [39m[33mRetention V2 message failed for assignment assign-1: db down[39m
[32m[Nest] 39664  - [39m08/07/2026, 10:16:37 AM [32m    LOG[39m [38;5;3m[RetentionV2EvaluateService] [39m[32mRetention V2 evaluate businesses=1 assigned=0 dryRunCandidates=0 0ms[39m
[32m[Nest] 39664  - [39m08/07/2026, 10:16:37 AM [32m    LOG[39m [38;5;3m[RetentionV2EvaluateService] [39m[32mRetention V2 evaluate businesses=1 assigned=0 dryRunCandidates=0 0ms[39m
[32m[Nest] 39664  - [39m08/07/2026, 10:16:37 AM [32m    LOG[39m [38;5;3m[RetentionV2EvaluateService] [39m[32mRetention V2 evaluate businesses=1 assigned=0 dryRunCandidates=0 0ms[39m
[31m[Nest] 39664  - [39m08/07/2026, 10:16:37 AM [31m  ERROR[39m [38;5;3m[RetentionV2EvaluateService] [39m[31mRetention V2 evaluation failed for business biz-bad: boom[39m
[32m[Nest] 39664  - [39m08/07/2026, 10:16:37 AM [32m    LOG[39m [38;5;3m[RetentionV2EvaluateService] [39m[32mRetention V2 evaluate businesses=2 assigned=0 dryRunCandidates=0 0ms[39m
[32m[Nest] 39664  - [39m08/07/2026, 10:16:37 AM [32m    LOG[39m [38;5;3m[RetentionV2EvaluateService] [39m[32mRetention V2 evaluate businesses=1 assigned=1 dryRunCandidates=0 0ms[39m
[32m[Nest] 39664  - [39m08/07/2026, 10:16:37 AM [32m    LOG[39m [38;5;3m[RetentionV2EvaluateService] [39m[32mRetention V2 evaluate businesses=1 assigned=0 dryRunCandidates=0 0ms[39m
[32m[Nest] 39664  - [39m08/07/2026, 10:16:37 AM [32m    LOG[39m [38;5;3m[RetentionV2EvaluateService] [39m[32mRetention V2 evaluate businesses=1 assigned=0 dryRunCandidates=0 0ms[39m
[32m[Nest] 39664  - [39m08/07/2026, 10:16:37 AM [32m    LOG[39m [38;5;3m[RetentionV2EvaluateService] [39m[32mRetention V2 evaluate businesses=1 assigned=0 dryRunCandidates=0 0ms[39m
[32m[Nest] 39664  - [39m08/07/2026, 10:16:37 AM [32m    LOG[39m [38;5;3m[RetentionV2EvaluateService] [39m[32mRetention V2 evaluate businesses=1 assigned=0 dryRunCandidates=0 0ms[39m
[32m[Nest] 39664  - [39m08/07/2026, 10:16:37 AM [32m    LOG[39m [38;5;3m[RetentionV2EvaluateService] [39m[32mRetention V2 evaluate businesses=1 assigned=1 dryRunCandidates=0 0ms[39m
[32m[Nest] 39664  - [39m08/07/2026, 10:16:37 AM [32m    LOG[39m [38;5;3m[RetentionV2EvaluateService] [39m[32mRetention V2 evaluate businesses=1 assigned=0 dryRunCandidates=0 0ms[39m
[32m[Nest] 39664  - [39m08/07/2026, 10:16:37 AM [32m    LOG[39m [38;5;3m[RetentionV2EvaluateService] [39m[32mRetention V2 evaluate businesses=1 assigned=0 dryRunCandidates=1 0ms[39m
[32m[Nest] 39664  - [39m08/07/2026, 10:16:37 AM [32m    LOG[39m [38;5;3m[RetentionV2EvaluateService] [39m[32mRetention V2 evaluate businesses=1 assigned=0 dryRunCandidates=1 0ms[39m
[32m[Nest] 39664  - [39m08/07/2026, 10:16:37 AM [32m    LOG[39m [38;5;3m[RetentionV2EvaluateService] [39m[32mRetention V2 evaluate businesses=1 assigned=0 dryRunCandidates=0 0ms[39m
[32m[Nest] 39664  - [39m08/07/2026, 10:16:37 AM [32m    LOG[39m [38;5;3m[RetentionV2EvaluateService] [39m[32mRetention V2 evaluate businesses=1 assigned=1 dryRunCandidates=0 1ms[39m
[32m[Nest] 39664  - [39m08/07/2026, 10:16:37 AM [32m    LOG[39m [38;5;3m[RetentionV2EvaluateService] [39m[32mRetention V2 evaluate businesses=1 assigned=1 dryRunCandidates=0 0ms[39m
[32m[Nest] 39664  - [39m08/07/2026, 10:16:37 AM [32m    LOG[39m [38;5;3m[RetentionV2EvaluateService] [39m[32mRetention V2 evaluate businesses=1 assigned=1 dryRunCandidates=0 0ms[39m
[32m[Nest] 39664  - [39m08/07/2026, 10:16:37 AM [32m    LOG[39m [38;5;3m[RetentionV2EvaluateService] [39m[32mRetention V2 evaluate businesses=1 assigned=0 dryRunCandidates=0 0ms[39m
[32m[Nest] 39664  - [39m08/07/2026, 10:16:37 AM [32m    LOG[39m [38;5;3m[RetentionV2EvaluateService] [39m[32mRetention V2 evaluate businesses=1 assigned=0 dryRunCandidates=0 0ms[39m
[32m[Nest] 39664  - [39m08/07/2026, 10:16:37 AM [32m    LOG[39m [38;5;3m[RetentionV2EvaluateService] [39m[32mRetention V2 evaluate businesses=1 assigned=0 dryRunCandidates=1 0ms[39m
[32m[Nest] 39664  - [39m08/07/2026, 10:16:37 AM [32m    LOG[39m [38;5;3m[RetentionV2EvaluateService] [39m[32mRetention V2 evaluate businesses=1 assigned=2 dryRunCandidates=0 0ms[39m
[32m[Nest] 39664  - [39m08/07/2026, 10:16:37 AM [32m    LOG[39m [38;5;3m[RetentionOutcomeService] [39m[32mRetention V2 outcomes processed=1 returned=0 confirmed=0 closedNoReturn=1 stillOpen=0[39m
[32m[Nest] 39664  - [39m08/07/2026, 10:16:37 AM [32m    LOG[39m [38;5;3m[RetentionOutcomeService] [39m[32mRetention V2 outcomes processed=1 returned=1 confirmed=0 closedNoReturn=0 stillOpen=0[39m
[32m[Nest] 39664  - [39m08/07/2026, 10:16:37 AM [32m    LOG[39m [38;5;3m[RetentionOutcomeService] [39m[32mRetention V2 outcomes processed=1 returned=1 confirmed=0 closedNoReturn=0 stillOpen=0[39m
[32m[Nest] 39664  - [39m08/07/2026, 10:16:37 AM [32m    LOG[39m [38;5;3m[RetentionOutcomeService] [39m[32mRetention V2 outcomes processed=1 returned=0 confirmed=1 closedNoReturn=0 stillOpen=0[39m
[32m[Nest] 39664  - [39m08/07/2026, 10:16:37 AM [32m    LOG[39m [38;5;3m[RetentionOutcomeService] [39m[32mRetention V2 outcomes processed=1 returned=1 confirmed=0 closedNoReturn=0 stillOpen=0[39m
[32m[Nest] 39664  - [39m08/07/2026, 10:16:37 AM [32m    LOG[39m [38;5;3m[RetentionOutcomeService] [39m[32mRetention V2 outcomes processed=1 returned=0 confirmed=1 closedNoReturn=0 stillOpen=0[39m
[32m[Nest] 39664  - [39m08/07/2026, 10:16:37 AM [32m    LOG[39m [38;5;3m[RetentionOutcomeService] [39m[32mRetention V2 outcomes processed=1 returned=1 confirmed=0 closedNoReturn=0 stillOpen=0[39m
[32m[Nest] 39664  - [39m08/07/2026, 10:16:37 AM [32m    LOG[39m [38;5;3m[RetentionOutcomeService] [39m[32mRetention V2 outcomes processed=1 returned=0 confirmed=0 closedNoReturn=1 stillOpen=0[39m
[32m[Nest] 39664  - [39m08/07/2026, 10:16:37 AM [32m    LOG[39m [38;5;3m[RetentionOutcomeService] [39m[32mRetention V2 outcomes processed=1 returned=0 confirmed=0 closedNoReturn=1 stillOpen=0[39m
[32m[Nest] 39664  - [39m08/07/2026, 10:16:37 AM [32m    LOG[39m [38;5;3m[RetentionOutcomeService] [39m[32mRetention V2 outcomes processed=1 returned=0 confirmed=0 closedNoReturn=0 stillOpen=1[39m
[32m[Nest] 39664  - [39m08/07/2026, 10:16:37 AM [32m    LOG[39m [38;5;3m[RetentionOutcomeService] [39m[32mRetention V2 outcomes processed=1 returned=1 confirmed=0 closedNoReturn=0 stillOpen=0[39m
[31m[Nest] 39664  - [39m08/07/2026, 10:16:37 AM [31m  ERROR[39m [38;5;3m[RetentionOutcomeService] [39m[31mOutcome processing failed for assignment assign-bad: db hiccup[39m
[32m[Nest] 39664  - [39m08/07/2026, 10:16:37 AM [32m    LOG[39m [38;5;3m[RetentionOutcomeService] [39m[32mRetention V2 outcomes processed=2 returned=0 confirmed=0 closedNoReturn=1 stillOpen=0[39m
[33m[Nest] 39664  - [39m08/07/2026, 10:16:37 AM [33m   WARN[39m [38;5;3m[RetentionAssignmentService] [39m[33mExperiment exp-1 has an invalid allocation: An experiment must have a CONTROL variant[39m
[33m[Nest] 39664  - [39m08/07/2026, 10:16:37 AM [33m   WARN[39m [38;5;3m[RetentionAssignmentService] [39m[33mExperiment exp-1 has an invalid allocation: Allocation percentages must sum to 100 (got 45)[39m

Summary of all failing tests
FAIL modules/businesses/businesses.service.spec.ts
  ● BusinessesService › create › throws ConflictException if slug already taken

    Nest can't resolve dependencies of the BusinessesService (BusinessesRepository, AuditService, ?, GoogleReviewDetectionQueue, WhatsAppBspService). Please make sure that the argument GoogleReviewsProvider at index [2] is available in the RootTestModule module.

    Potential solutions:
    - Is RootTestModule a valid NestJS module?
    - If GoogleReviewsProvider is a provider, is it part of the current RootTestModule?
    - If GoogleReviewsProvider is exported from a separate @Module, is that module imported within RootTestModule?
      @Module({
        imports: [ /* the Module containing GoogleReviewsProvider */ ]
      })

    For more common dependency resolution issues, see: https://docs.nestjs.com/faq/common-errors

    [0m [90m 83 |[39m   beforeEach([36masync[39m () [33m=>[39m {
     [90m 84 |[39m     jest[33m.[39mclearAllMocks()[33m;[39m
    [31m[1m>[22m[39m[90m 85 |[39m     [36mconst[39m module[33m:[39m [33mTestingModule[39m [33m=[39m [36mawait[39m [33mTest[39m[33m.[39mcreateTestingModule({
     [90m    |[39m                                   [31m[1m^[22m[39m
     [90m 86 |[39m       providers[33m:[39m [
     [90m 87 |[39m         [33mBusinessesService[39m[33m,[39m
     [90m 88 |[39m         { provide[33m:[39m [33mBusinessesRepository[39m[33m,[39m useValue[33m:[39m mockRepository }[33m,[39m[0m

      at TestingInjector.lookupComponentInParentModules (../../../node_modules/@nestjs/core/injector/injector.js:290:19)
      at TestingInjector.resolveComponentWrapper (../../../node_modules/@nestjs/testing/testing-injector.js:19:45)
      at resolveParam (../../../node_modules/@nestjs/core/injector/injector.js:140:38)
          at async Promise.all (index 2)
      at TestingInjector.resolveConstructorParams (../../../node_modules/@nestjs/core/injector/injector.js:169:27)
      at TestingInjector.loadInstance (../../../node_modules/@nestjs/core/injector/injector.js:75:13)
      at TestingInjector.loadProvider (../../../node_modules/@nestjs/core/injector/injector.js:103:9)
      at ../../../node_modules/@nestjs/core/injector/instance-loader.js:56:13
          at async Promise.all (index 3)
      at TestingInstanceLoader.createInstancesOfProviders (../../../node_modules/@nestjs/core/injector/instance-loader.js:55:9)
      at ../../../node_modules/@nestjs/core/injector/instance-loader.js:40:13
          at async Promise.all (index 1)
      at TestingInstanceLoader.createInstances (../../../node_modules/@nestjs/core/injector/instance-loader.js:39:9)
      at TestingInstanceLoader.createInstancesOfDependencies (../../../node_modules/@nestjs/core/injector/instance-loader.js:22:13)
      at TestingInstanceLoader.createInstancesOfDependencies (../../../node_modules/@nestjs/testing/testing-instance-loader.js:9:9)
      at TestingModuleBuilder.createInstancesOfDependencies (../../../node_modules/@nestjs/testing/testing-module.builder.js:118:9)
      at TestingModuleBuilder.compile (../../../node_modules/@nestjs/testing/testing-module.builder.js:74:9)
      at Object.<anonymous> (modules/businesses/businesses.service.spec.ts:85:35)

  ● BusinessesService › create › creates business and OWNER membership atomically

    Nest can't resolve dependencies of the BusinessesService (BusinessesRepository, AuditService, ?, GoogleReviewDetectionQueue, WhatsAppBspService). Please make sure that the argument GoogleReviewsProvider at index [2] is available in the RootTestModule module.

    Potential solutions:
    - Is RootTestModule a valid NestJS module?
    - If GoogleReviewsProvider is a provider, is it part of the current RootTestModule?
    - If GoogleReviewsProvider is exported from a separate @Module, is that module imported within RootTestModule?
      @Module({
        imports: [ /* the Module containing GoogleReviewsProvider */ ]
      })

    For more common dependency resolution issues, see: https://docs.nestjs.com/faq/common-errors

    [0m [90m 83 |[39m   beforeEach([36masync[39m () [33m=>[39m {
     [90m 84 |[39m     jest[33m.[39mclearAllMocks()[33m;[39m
    [31m[1m>[22m[39m[90m 85 |[39m     [36mconst[39m module[33m:[39m [33mTestingModule[39m [33m=[39m [36mawait[39m [33mTest[39m[33m.[39mcreateTestingModule({
     [90m    |[39m                                   [31m[1m^[22m[39m
     [90m 86 |[39m       providers[33m:[39m [
     [90m 87 |[39m         [33mBusinessesService[39m[33m,[39m
     [90m 88 |[39m         { provide[33m:[39m [33mBusinessesRepository[39m[33m,[39m useValue[33m:[39m mockRepository }[33m,[39m[0m

      at TestingInjector.lookupComponentInParentModules (../../../node_modules/@nestjs/core/injector/injector.js:290:19)
      at TestingInjector.resolveComponentWrapper (../../../node_modules/@nestjs/testing/testing-injector.js:19:45)
      at resolveParam (../../../node_modules/@nestjs/core/injector/injector.js:140:38)
          at async Promise.all (index 2)
      at TestingInjector.resolveConstructorParams (../../../node_modules/@nestjs/core/injector/injector.js:169:27)
      at TestingInjector.loadInstance (../../../node_modules/@nestjs/core/injector/injector.js:75:13)
      at TestingInjector.loadProvider (../../../node_modules/@nestjs/core/injector/injector.js:103:9)
      at ../../../node_modules/@nestjs/core/injector/instance-loader.js:56:13
          at async Promise.all (index 3)
      at TestingInstanceLoader.createInstancesOfProviders (../../../node_modules/@nestjs/core/injector/instance-loader.js:55:9)
      at ../../../node_modules/@nestjs/core/injector/instance-loader.js:40:13
          at async Promise.all (index 1)
      at TestingInstanceLoader.createInstances (../../../node_modules/@nestjs/core/injector/instance-loader.js:39:9)
      at TestingInstanceLoader.createInstancesOfDependencies (../../../node_modules/@nestjs/core/injector/instance-loader.js:22:13)
      at TestingInstanceLoader.createInstancesOfDependencies (../../../node_modules/@nestjs/testing/testing-instance-loader.js:9:9)
      at TestingModuleBuilder.createInstancesOfDependencies (../../../node_modules/@nestjs/testing/testing-module.builder.js:118:9)
      at TestingModuleBuilder.compile (../../../node_modules/@nestjs/testing/testing-module.builder.js:74:9)
      at Object.<anonymous> (modules/businesses/businesses.service.spec.ts:85:35)

  ● BusinessesService › create › passes brand fields through to repository

    Nest can't resolve dependencies of the BusinessesService (BusinessesRepository, AuditService, ?, GoogleReviewDetectionQueue, WhatsAppBspService). Please make sure that the argument GoogleReviewsProvider at index [2] is available in the RootTestModule module.

    Potential solutions:
    - Is RootTestModule a valid NestJS module?
    - If GoogleReviewsProvider is a provider, is it part of the current RootTestModule?
    - If GoogleReviewsProvider is exported from a separate @Module, is that module imported within RootTestModule?
      @Module({
        imports: [ /* the Module containing GoogleReviewsProvider */ ]
      })

    For more common dependency resolution issues, see: https://docs.nestjs.com/faq/common-errors

    [0m [90m 83 |[39m   beforeEach([36masync[39m () [33m=>[39m {
     [90m 84 |[39m     jest[33m.[39mclearAllMocks()[33m;[39m
    [31m[1m>[22m[39m[90m 85 |[39m     [36mconst[39m module[33m:[39m [33mTestingModule[39m [33m=[39m [36mawait[39m [33mTest[39m[33m.[39mcreateTestingModule({
     [90m    |[39m                                   [31m[1m^[22m[39m
     [90m 86 |[39m       providers[33m:[39m [
     [90m 87 |[39m         [33mBusinessesService[39m[33m,[39m
     [90m 88 |[39m         { provide[33m:[39m [33mBusinessesRepository[39m[33m,[39m useValue[33m:[39m mockRepository }[33m,[39m[0m

      at TestingInjector.lookupComponentInParentModules (../../../node_modules/@nestjs/core/injector/injector.js:290:19)
      at TestingInjector.resolveComponentWrapper (../../../node_modules/@nestjs/testing/testing-injector.js:19:45)
      at resolveParam (../../../node_modules/@nestjs/core/injector/injector.js:140:38)
          at async Promise.all (index 2)
      at TestingInjector.resolveConstructorParams (../../../node_modules/@nestjs/core/injector/injector.js:169:27)
      at TestingInjector.loadInstance (../../../node_modules/@nestjs/core/injector/injector.js:75:13)
      at TestingInjector.loadProvider (../../../node_modules/@nestjs/core/injector/injector.js:103:9)
      at ../../../node_modules/@nestjs/core/injector/instance-loader.js:56:13
          at async Promise.all (index 3)
      at TestingInstanceLoader.createInstancesOfProviders (../../../node_modules/@nestjs/core/injector/instance-loader.js:55:9)
      at ../../../node_modules/@nestjs/core/injector/instance-loader.js:40:13
          at async Promise.all (index 1)
      at TestingInstanceLoader.createInstances (../../../node_modules/@nestjs/core/injector/instance-loader.js:39:9)
      at TestingInstanceLoader.createInstancesOfDependencies (../../../node_modules/@nestjs/core/injector/instance-loader.js:22:13)
      at TestingInstanceLoader.createInstancesOfDependencies (../../../node_modules/@nestjs/testing/testing-instance-loader.js:9:9)
      at TestingModuleBuilder.createInstancesOfDependencies (../../../node_modules/@nestjs/testing/testing-module.builder.js:118:9)
      at TestingModuleBuilder.compile (../../../node_modules/@nestjs/testing/testing-module.builder.js:74:9)
      at Object.<anonymous> (modules/businesses/businesses.service.spec.ts:85:35)

  ● BusinessesService › findAllForUser › returns only businesses where the user has active membership

    Nest can't resolve dependencies of the BusinessesService (BusinessesRepository, AuditService, ?, GoogleReviewDetectionQueue, WhatsAppBspService). Please make sure that the argument GoogleReviewsProvider at index [2] is available in the RootTestModule module.

    Potential solutions:
    - Is RootTestModule a valid NestJS module?
    - If GoogleReviewsProvider is a provider, is it part of the current RootTestModule?
    - If GoogleReviewsProvider is exported from a separate @Module, is that module imported within RootTestModule?
      @Module({
        imports: [ /* the Module containing GoogleReviewsProvider */ ]
      })

    For more common dependency resolution issues, see: https://docs.nestjs.com/faq/common-errors

    [0m [90m 83 |[39m   beforeEach([36masync[39m () [33m=>[39m {
     [90m 84 |[39m     jest[33m.[39mclearAllMocks()[33m;[39m
    [31m[1m>[22m[39m[90m 85 |[39m     [36mconst[39m module[33m:[39m [33mTestingModule[39m [33m=[39m [36mawait[39m [33mTest[39m[33m.[39mcreateTestingModule({
     [90m    |[39m                                   [31m[1m^[22m[39m
     [90m 86 |[39m       providers[33m:[39m [
     [90m 87 |[39m         [33mBusinessesService[39m[33m,[39m
     [90m 88 |[39m         { provide[33m:[39m [33mBusinessesRepository[39m[33m,[39m useValue[33m:[39m mockRepository }[33m,[39m[0m

      at TestingInjector.lookupComponentInParentModules (../../../node_modules/@nestjs/core/injector/injector.js:290:19)
      at TestingInjector.resolveComponentWrapper (../../../node_modules/@nestjs/testing/testing-injector.js:19:45)
      at resolveParam (../../../node_modules/@nestjs/core/injector/injector.js:140:38)
          at async Promise.all (index 2)
      at TestingInjector.resolveConstructorParams (../../../node_modules/@nestjs/core/injector/injector.js:169:27)
      at TestingInjector.loadInstance (../../../node_modules/@nestjs/core/injector/injector.js:75:13)
      at TestingInjector.loadProvider (../../../node_modules/@nestjs/core/injector/injector.js:103:9)
      at ../../../node_modules/@nestjs/core/injector/instance-loader.js:56:13
          at async Promise.all (index 3)
      at TestingInstanceLoader.createInstancesOfProviders (../../../node_modules/@nestjs/core/injector/instance-loader.js:55:9)
      at ../../../node_modules/@nestjs/core/injector/instance-loader.js:40:13
          at async Promise.all (index 1)
      at TestingInstanceLoader.createInstances (../../../node_modules/@nestjs/core/injector/instance-loader.js:39:9)
      at TestingInstanceLoader.createInstancesOfDependencies (../../../node_modules/@nestjs/core/injector/instance-loader.js:22:13)
      at TestingInstanceLoader.createInstancesOfDependencies (../../../node_modules/@nestjs/testing/testing-instance-loader.js:9:9)
      at TestingModuleBuilder.createInstancesOfDependencies (../../../node_modules/@nestjs/testing/testing-module.builder.js:118:9)
      at TestingModuleBuilder.compile (../../../node_modules/@nestjs/testing/testing-module.builder.js:74:9)
      at Object.<anonymous> (modules/businesses/businesses.service.spec.ts:85:35)

  ● BusinessesService › findAllForUser › returns empty array when user has no memberships

    Nest can't resolve dependencies of the BusinessesService (BusinessesRepository, AuditService, ?, GoogleReviewDetectionQueue, WhatsAppBspService). Please make sure that the argument GoogleReviewsProvider at index [2] is available in the RootTestModule module.

    Potential solutions:
    - Is RootTestModule a valid NestJS module?
    - If GoogleReviewsProvider is a provider, is it part of the current RootTestModule?
    - If GoogleReviewsProvider is exported from a separate @Module, is that module imported within RootTestModule?
      @Module({
        imports: [ /* the Module containing GoogleReviewsProvider */ ]
      })

    For more common dependency resolution issues, see: https://docs.nestjs.com/faq/common-errors

    [0m [90m 83 |[39m   beforeEach([36masync[39m () [33m=>[39m {
     [90m 84 |[39m     jest[33m.[39mclearAllMocks()[33m;[39m
    [31m[1m>[22m[39m[90m 85 |[39m     [36mconst[39m module[33m:[39m [33mTestingModule[39m [33m=[39m [36mawait[39m [33mTest[39m[33m.[39mcreateTestingModule({
     [90m    |[39m                                   [31m[1m^[22m[39m
     [90m 86 |[39m       providers[33m:[39m [
     [90m 87 |[39m         [33mBusinessesService[39m[33m,[39m
     [90m 88 |[39m         { provide[33m:[39m [33mBusinessesRepository[39m[33m,[39m useValue[33m:[39m mockRepository }[33m,[39m[0m

      at TestingInjector.lookupComponentInParentModules (../../../node_modules/@nestjs/core/injector/injector.js:290:19)
      at TestingInjector.resolveComponentWrapper (../../../node_modules/@nestjs/testing/testing-injector.js:19:45)
      at resolveParam (../../../node_modules/@nestjs/core/injector/injector.js:140:38)
          at async Promise.all (index 2)
      at TestingInjector.resolveConstructorParams (../../../node_modules/@nestjs/core/injector/injector.js:169:27)
      at TestingInjector.loadInstance (../../../node_modules/@nestjs/core/injector/injector.js:75:13)
      at TestingInjector.loadProvider (../../../node_modules/@nestjs/core/injector/injector.js:103:9)
      at ../../../node_modules/@nestjs/core/injector/instance-loader.js:56:13
          at async Promise.all (index 3)
      at TestingInstanceLoader.createInstancesOfProviders (../../../node_modules/@nestjs/core/injector/instance-loader.js:55:9)
      at ../../../node_modules/@nestjs/core/injector/instance-loader.js:40:13
          at async Promise.all (index 1)
      at TestingInstanceLoader.createInstances (../../../node_modules/@nestjs/core/injector/instance-loader.js:39:9)
      at TestingInstanceLoader.createInstancesOfDependencies (../../../node_modules/@nestjs/core/injector/instance-loader.js:22:13)
      at TestingInstanceLoader.createInstancesOfDependencies (../../../node_modules/@nestjs/testing/testing-instance-loader.js:9:9)
      at TestingModuleBuilder.createInstancesOfDependencies (../../../node_modules/@nestjs/testing/testing-module.builder.js:118:9)
      at TestingModuleBuilder.compile (../../../node_modules/@nestjs/testing/testing-module.builder.js:74:9)
      at Object.<anonymous> (modules/businesses/businesses.service.spec.ts:85:35)

  ● BusinessesService › findAllForUser › calls repository scoped to the requesting user

    Nest can't resolve dependencies of the BusinessesService (BusinessesRepository, AuditService, ?, GoogleReviewDetectionQueue, WhatsAppBspService). Please make sure that the argument GoogleReviewsProvider at index [2] is available in the RootTestModule module.

    Potential solutions:
    - Is RootTestModule a valid NestJS module?
    - If GoogleReviewsProvider is a provider, is it part of the current RootTestModule?
    - If GoogleReviewsProvider is exported from a separate @Module, is that module imported within RootTestModule?
      @Module({
        imports: [ /* the Module containing GoogleReviewsProvider */ ]
      })

    For more common dependency resolution issues, see: https://docs.nestjs.com/faq/common-errors

    [0m [90m 83 |[39m   beforeEach([36masync[39m () [33m=>[39m {
     [90m 84 |[39m     jest[33m.[39mclearAllMocks()[33m;[39m
    [31m[1m>[22m[39m[90m 85 |[39m     [36mconst[39m module[33m:[39m [33mTestingModule[39m [33m=[39m [36mawait[39m [33mTest[39m[33m.[39mcreateTestingModule({
     [90m    |[39m                                   [31m[1m^[22m[39m
     [90m 86 |[39m       providers[33m:[39m [
     [90m 87 |[39m         [33mBusinessesService[39m[33m,[39m
     [90m 88 |[39m         { provide[33m:[39m [33mBusinessesRepository[39m[33m,[39m useValue[33m:[39m mockRepository }[33m,[39m[0m

      at TestingInjector.lookupComponentInParentModules (../../../node_modules/@nestjs/core/injector/injector.js:290:19)
      at TestingInjector.resolveComponentWrapper (../../../node_modules/@nestjs/testing/testing-injector.js:19:45)
      at resolveParam (../../../node_modules/@nestjs/core/injector/injector.js:140:38)
          at async Promise.all (index 2)
      at TestingInjector.resolveConstructorParams (../../../node_modules/@nestjs/core/injector/injector.js:169:27)
      at TestingInjector.loadInstance (../../../node_modules/@nestjs/core/injector/injector.js:75:13)
      at TestingInjector.loadProvider (../../../node_modules/@nestjs/core/injector/injector.js:103:9)
      at ../../../node_modules/@nestjs/core/injector/instance-loader.js:56:13
          at async Promise.all (index 3)
      at TestingInstanceLoader.createInstancesOfProviders (../../../node_modules/@nestjs/core/injector/instance-loader.js:55:9)
      at ../../../node_modules/@nestjs/core/injector/instance-loader.js:40:13
          at async Promise.all (index 1)
      at TestingInstanceLoader.createInstances (../../../node_modules/@nestjs/core/injector/instance-loader.js:39:9)
      at TestingInstanceLoader.createInstancesOfDependencies (../../../node_modules/@nestjs/core/injector/instance-loader.js:22:13)
      at TestingInstanceLoader.createInstancesOfDependencies (../../../node_modules/@nestjs/testing/testing-instance-loader.js:9:9)
      at TestingModuleBuilder.createInstancesOfDependencies (../../../node_modules/@nestjs/testing/testing-module.builder.js:118:9)
      at TestingModuleBuilder.compile (../../../node_modules/@nestjs/testing/testing-module.builder.js:74:9)
      at Object.<anonymous> (modules/businesses/businesses.service.spec.ts:85:35)

  ● BusinessesService › findCurrent › returns the business for the given tenant context

    Nest can't resolve dependencies of the BusinessesService (BusinessesRepository, AuditService, ?, GoogleReviewDetectionQueue, WhatsAppBspService). Please make sure that the argument GoogleReviewsProvider at index [2] is available in the RootTestModule module.

    Potential solutions:
    - Is RootTestModule a valid NestJS module?
    - If GoogleReviewsProvider is a provider, is it part of the current RootTestModule?
    - If GoogleReviewsProvider is exported from a separate @Module, is that module imported within RootTestModule?
      @Module({
        imports: [ /* the Module containing GoogleReviewsProvider */ ]
      })

    For more common dependency resolution issues, see: https://docs.nestjs.com/faq/common-errors

    [0m [90m 83 |[39m   beforeEach([36masync[39m () [33m=>[39m {
     [90m 84 |[39m     jest[33m.[39mclearAllMocks()[33m;[39m
    [31m[1m>[22m[39m[90m 85 |[39m     [36mconst[39m module[33m:[39m [33mTestingModule[39m [33m=[39m [36mawait[39m [33mTest[39m[33m.[39mcreateTestingModule({
     [90m    |[39m                                   [31m[1m^[22m[39m
     [90m 86 |[39m       providers[33m:[39m [
     [90m 87 |[39m         [33mBusinessesService[39m[33m,[39m
     [90m 88 |[39m         { provide[33m:[39m [33mBusinessesRepository[39m[33m,[39m useValue[33m:[39m mockRepository }[33m,[39m[0m

      at TestingInjector.lookupComponentInParentModules (../../../node_modules/@nestjs/core/injector/injector.js:290:19)
      at TestingInjector.resolveComponentWrapper (../../../node_modules/@nestjs/testing/testing-injector.js:19:45)
      at resolveParam (../../../node_modules/@nestjs/core/injector/injector.js:140:38)
          at async Promise.all (index 2)
      at TestingInjector.resolveConstructorParams (../../../node_modules/@nestjs/core/injector/injector.js:169:27)
      at TestingInjector.loadInstance (../../../node_modules/@nestjs/core/injector/injector.js:75:13)
      at TestingInjector.loadProvider (../../../node_modules/@nestjs/core/injector/injector.js:103:9)
      at ../../../node_modules/@nestjs/core/injector/instance-loader.js:56:13
          at async Promise.all (index 3)
      at TestingInstanceLoader.createInstancesOfProviders (../../../node_modules/@nestjs/core/injector/instance-loader.js:55:9)
      at ../../../node_modules/@nestjs/core/injector/instance-loader.js:40:13
          at async Promise.all (index 1)
      at TestingInstanceLoader.createInstances (../../../node_modules/@nestjs/core/injector/instance-loader.js:39:9)
      at TestingInstanceLoader.createInstancesOfDependencies (../../../node_modules/@nestjs/core/injector/instance-loader.js:22:13)
      at TestingInstanceLoader.createInstancesOfDependencies (../../../node_modules/@nestjs/testing/testing-instance-loader.js:9:9)
      at TestingModuleBuilder.createInstancesOfDependencies (../../../node_modules/@nestjs/testing/testing-module.builder.js:118:9)
      at TestingModuleBuilder.compile (../../../node_modules/@nestjs/testing/testing-module.builder.js:74:9)
      at Object.<anonymous> (modules/businesses/businesses.service.spec.ts:85:35)

  ● BusinessesService › findCurrent › throws NotFoundException if business does not exist

    Nest can't resolve dependencies of the BusinessesService (BusinessesRepository, AuditService, ?, GoogleReviewDetectionQueue, WhatsAppBspService). Please make sure that the argument GoogleReviewsProvider at index [2] is available in the RootTestModule module.

    Potential solutions:
    - Is RootTestModule a valid NestJS module?
    - If GoogleReviewsProvider is a provider, is it part of the current RootTestModule?
    - If GoogleReviewsProvider is exported from a separate @Module, is that module imported within RootTestModule?
      @Module({
        imports: [ /* the Module containing GoogleReviewsProvider */ ]
      })

    For more common dependency resolution issues, see: https://docs.nestjs.com/faq/common-errors

    [0m [90m 83 |[39m   beforeEach([36masync[39m () [33m=>[39m {
     [90m 84 |[39m     jest[33m.[39mclearAllMocks()[33m;[39m
    [31m[1m>[22m[39m[90m 85 |[39m     [36mconst[39m module[33m:[39m [33mTestingModule[39m [33m=[39m [36mawait[39m [33mTest[39m[33m.[39mcreateTestingModule({
     [90m    |[39m                                   [31m[1m^[22m[39m
     [90m 86 |[39m       providers[33m:[39m [
     [90m 87 |[39m         [33mBusinessesService[39m[33m,[39m
     [90m 88 |[39m         { provide[33m:[39m [33mBusinessesRepository[39m[33m,[39m useValue[33m:[39m mockRepository }[33m,[39m[0m

      at TestingInjector.lookupComponentInParentModules (../../../node_modules/@nestjs/core/injector/injector.js:290:19)
      at TestingInjector.resolveComponentWrapper (../../../node_modules/@nestjs/testing/testing-injector.js:19:45)
      at resolveParam (../../../node_modules/@nestjs/core/injector/injector.js:140:38)
          at async Promise.all (index 2)
      at TestingInjector.resolveConstructorParams (../../../node_modules/@nestjs/core/injector/injector.js:169:27)
      at TestingInjector.loadInstance (../../../node_modules/@nestjs/core/injector/injector.js:75:13)
      at TestingInjector.loadProvider (../../../node_modules/@nestjs/core/injector/injector.js:103:9)
      at ../../../node_modules/@nestjs/core/injector/instance-loader.js:56:13
          at async Promise.all (index 3)
      at TestingInstanceLoader.createInstancesOfProviders (../../../node_modules/@nestjs/core/injector/instance-loader.js:55:9)
      at ../../../node_modules/@nestjs/core/injector/instance-loader.js:40:13
          at async Promise.all (index 1)
      at TestingInstanceLoader.createInstances (../../../node_modules/@nestjs/core/injector/instance-loader.js:39:9)
      at TestingInstanceLoader.createInstancesOfDependencies (../../../node_modules/@nestjs/core/injector/instance-loader.js:22:13)
      at TestingInstanceLoader.createInstancesOfDependencies (../../../node_modules/@nestjs/testing/testing-instance-loader.js:9:9)
      at TestingModuleBuilder.createInstancesOfDependencies (../../../node_modules/@nestjs/testing/testing-module.builder.js:118:9)
      at TestingModuleBuilder.compile (../../../node_modules/@nestjs/testing/testing-module.builder.js:74:9)
      at Object.<anonymous> (modules/businesses/businesses.service.spec.ts:85:35)

  ● BusinessesService › findOneScoped › throws NotFoundException when user has no membership in the business

    Nest can't resolve dependencies of the BusinessesService (BusinessesRepository, AuditService, ?, GoogleReviewDetectionQueue, WhatsAppBspService). Please make sure that the argument GoogleReviewsProvider at index [2] is available in the RootTestModule module.

    Potential solutions:
    - Is RootTestModule a valid NestJS module?
    - If GoogleReviewsProvider is a provider, is it part of the current RootTestModule?
    - If GoogleReviewsProvider is exported from a separate @Module, is that module imported within RootTestModule?
      @Module({
        imports: [ /* the Module containing GoogleReviewsProvider */ ]
      })

    For more common dependency resolution issues, see: https://docs.nestjs.com/faq/common-errors

    [0m [90m 83 |[39m   beforeEach([36masync[39m () [33m=>[39m {
     [90m 84 |[39m     jest[33m.[39mclearAllMocks()[33m;[39m
    [31m[1m>[22m[39m[90m 85 |[39m     [36mconst[39m module[33m:[39m [33mTestingModule[39m [33m=[39m [36mawait[39m [33mTest[39m[33m.[39mcreateTestingModule({
     [90m    |[39m                                   [31m[1m^[22m[39m
     [90m 86 |[39m       providers[33m:[39m [
     [90m 87 |[39m         [33mBusinessesService[39m[33m,[39m
     [90m 88 |[39m         { provide[33m:[39m [33mBusinessesRepository[39m[33m,[39m useValue[33m:[39m mockRepository }[33m,[39m[0m

      at TestingInjector.lookupComponentInParentModules (../../../node_modules/@nestjs/core/injector/injector.js:290:19)
      at TestingInjector.resolveComponentWrapper (../../../node_modules/@nestjs/testing/testing-injector.js:19:45)
      at resolveParam (../../../node_modules/@nestjs/core/injector/injector.js:140:38)
          at async Promise.all (index 2)
      at TestingInjector.resolveConstructorParams (../../../node_modules/@nestjs/core/injector/injector.js:169:27)
      at TestingInjector.loadInstance (../../../node_modules/@nestjs/core/injector/injector.js:75:13)
      at TestingInjector.loadProvider (../../../node_modules/@nestjs/core/injector/injector.js:103:9)
      at ../../../node_modules/@nestjs/core/injector/instance-loader.js:56:13
          at async Promise.all (index 3)
      at TestingInstanceLoader.createInstancesOfProviders (../../../node_modules/@nestjs/core/injector/instance-loader.js:55:9)
      at ../../../node_modules/@nestjs/core/injector/instance-loader.js:40:13
          at async Promise.all (index 1)
      at TestingInstanceLoader.createInstances (../../../node_modules/@nestjs/core/injector/instance-loader.js:39:9)
      at TestingInstanceLoader.createInstancesOfDependencies (../../../node_modules/@nestjs/core/injector/instance-loader.js:22:13)
      at TestingInstanceLoader.createInstancesOfDependencies (../../../node_modules/@nestjs/testing/testing-instance-loader.js:9:9)
      at TestingModuleBuilder.createInstancesOfDependencies (../../../node_modules/@nestjs/testing/testing-module.builder.js:118:9)
      at TestingModuleBuilder.compile (../../../node_modules/@nestjs/testing/testing-module.builder.js:74:9)
      at Object.<anonymous> (modules/businesses/businesses.service.spec.ts:85:35)

  ● BusinessesService › findOneScoped › throws NotFoundException when membership is not ACTIVE

    Nest can't resolve dependencies of the BusinessesService (BusinessesRepository, AuditService, ?, GoogleReviewDetectionQueue, WhatsAppBspService). Please make sure that the argument GoogleReviewsProvider at index [2] is available in the RootTestModule module.

    Potential solutions:
    - Is RootTestModule a valid NestJS module?
    - If GoogleReviewsProvider is a provider, is it part of the current RootTestModule?
    - If GoogleReviewsProvider is exported from a separate @Module, is that module imported within RootTestModule?
      @Module({
        imports: [ /* the Module containing GoogleReviewsProvider */ ]
      })

    For more common dependency resolution issues, see: https://docs.nestjs.com/faq/common-errors

    [0m [90m 83 |[39m   beforeEach([36masync[39m () [33m=>[39m {
     [90m 84 |[39m     jest[33m.[39mclearAllMocks()[33m;[39m
    [31m[1m>[22m[39m[90m 85 |[39m     [36mconst[39m module[33m:[39m [33mTestingModule[39m [33m=[39m [36mawait[39m [33mTest[39m[33m.[39mcreateTestingModule({
     [90m    |[39m                                   [31m[1m^[22m[39m
     [90m 86 |[39m       providers[33m:[39m [
     [90m 87 |[39m         [33mBusinessesService[39m[33m,[39m
     [90m 88 |[39m         { provide[33m:[39m [33mBusinessesRepository[39m[33m,[39m useValue[33m:[39m mockRepository }[33m,[39m[0m

      at TestingInjector.lookupComponentInParentModules (../../../node_modules/@nestjs/core/injector/injector.js:290:19)
      at TestingInjector.resolveComponentWrapper (../../../node_modules/@nestjs/testing/testing-injector.js:19:45)
      at resolveParam (../../../node_modules/@nestjs/core/injector/injector.js:140:38)
          at async Promise.all (index 2)
      at TestingInjector.resolveConstructorParams (../../../node_modules/@nestjs/core/injector/injector.js:169:27)
      at TestingInjector.loadInstance (../../../node_modules/@nestjs/core/injector/injector.js:75:13)
      at TestingInjector.loadProvider (../../../node_modules/@nestjs/core/injector/injector.js:103:9)
      at ../../../node_modules/@nestjs/core/injector/instance-loader.js:56:13
          at async Promise.all (index 3)
      at TestingInstanceLoader.createInstancesOfProviders (../../../node_modules/@nestjs/core/injector/instance-loader.js:55:9)
      at ../../../node_modules/@nestjs/core/injector/instance-loader.js:40:13
          at async Promise.all (index 1)
      at TestingInstanceLoader.createInstances (../../../node_modules/@nestjs/core/injector/instance-loader.js:39:9)
      at TestingInstanceLoader.createInstancesOfDependencies (../../../node_modules/@nestjs/core/injector/instance-loader.js:22:13)
      at TestingInstanceLoader.createInstancesOfDependencies (../../../node_modules/@nestjs/testing/testing-instance-loader.js:9:9)
      at TestingModuleBuilder.createInstancesOfDependencies (../../../node_modules/@nestjs/testing/testing-module.builder.js:118:9)
      at TestingModuleBuilder.compile (../../../node_modules/@nestjs/testing/testing-module.builder.js:74:9)
      at Object.<anonymous> (modules/businesses/businesses.service.spec.ts:85:35)

  ● BusinessesService › findOneScoped › returns business when user has active membership

    Nest can't resolve dependencies of the BusinessesService (BusinessesRepository, AuditService, ?, GoogleReviewDetectionQueue, WhatsAppBspService). Please make sure that the argument GoogleReviewsProvider at index [2] is available in the RootTestModule module.

    Potential solutions:
    - Is RootTestModule a valid NestJS module?
    - If GoogleReviewsProvider is a provider, is it part of the current RootTestModule?
    - If GoogleReviewsProvider is exported from a separate @Module, is that module imported within RootTestModule?
      @Module({
        imports: [ /* the Module containing GoogleReviewsProvider */ ]
      })

    For more common dependency resolution issues, see: https://docs.nestjs.com/faq/common-errors

    [0m [90m 83 |[39m   beforeEach([36masync[39m () [33m=>[39m {
     [90m 84 |[39m     jest[33m.[39mclearAllMocks()[33m;[39m
    [31m[1m>[22m[39m[90m 85 |[39m     [36mconst[39m module[33m:[39m [33mTestingModule[39m [33m=[39m [36mawait[39m [33mTest[39m[33m.[39mcreateTestingModule({
     [90m    |[39m                                   [31m[1m^[22m[39m
     [90m 86 |[39m       providers[33m:[39m [
     [90m 87 |[39m         [33mBusinessesService[39m[33m,[39m
     [90m 88 |[39m         { provide[33m:[39m [33mBusinessesRepository[39m[33m,[39m useValue[33m:[39m mockRepository }[33m,[39m[0m

      at TestingInjector.lookupComponentInParentModules (../../../node_modules/@nestjs/core/injector/injector.js:290:19)
      at TestingInjector.resolveComponentWrapper (../../../node_modules/@nestjs/testing/testing-injector.js:19:45)
      at resolveParam (../../../node_modules/@nestjs/core/injector/injector.js:140:38)
          at async Promise.all (index 2)
      at TestingInjector.resolveConstructorParams (../../../node_modules/@nestjs/core/injector/injector.js:169:27)
      at TestingInjector.loadInstance (../../../node_modules/@nestjs/core/injector/injector.js:75:13)
      at TestingInjector.loadProvider (../../../node_modules/@nestjs/core/injector/injector.js:103:9)
      at ../../../node_modules/@nestjs/core/injector/instance-loader.js:56:13
          at async Promise.all (index 3)
      at TestingInstanceLoader.createInstancesOfProviders (../../../node_modules/@nestjs/core/injector/instance-loader.js:55:9)
      at ../../../node_modules/@nestjs/core/injector/instance-loader.js:40:13
          at async Promise.all (index 1)
      at TestingInstanceLoader.createInstances (../../../node_modules/@nestjs/core/injector/instance-loader.js:39:9)
      at TestingInstanceLoader.createInstancesOfDependencies (../../../node_modules/@nestjs/core/injector/instance-loader.js:22:13)
      at TestingInstanceLoader.createInstancesOfDependencies (../../../node_modules/@nestjs/testing/testing-instance-loader.js:9:9)
      at TestingModuleBuilder.createInstancesOfDependencies (../../../node_modules/@nestjs/testing/testing-module.builder.js:118:9)
      at TestingModuleBuilder.compile (../../../node_modules/@nestjs/testing/testing-module.builder.js:74:9)
      at Object.<anonymous> (modules/businesses/businesses.service.spec.ts:85:35)

  ● BusinessesService › findOneScoped › always scopes membership lookup by both userId and businessId

    Nest can't resolve dependencies of the BusinessesService (BusinessesRepository, AuditService, ?, GoogleReviewDetectionQueue, WhatsAppBspService). Please make sure that the argument GoogleReviewsProvider at index [2] is available in the RootTestModule module.

    Potential solutions:
    - Is RootTestModule a valid NestJS module?
    - If GoogleReviewsProvider is a provider, is it part of the current RootTestModule?
    - If GoogleReviewsProvider is exported from a separate @Module, is that module imported within RootTestModule?
      @Module({
        imports: [ /* the Module containing GoogleReviewsProvider */ ]
      })

    For more common dependency resolution issues, see: https://docs.nestjs.com/faq/common-errors

    [0m [90m 83 |[39m   beforeEach([36masync[39m () [33m=>[39m {
     [90m 84 |[39m     jest[33m.[39mclearAllMocks()[33m;[39m
    [31m[1m>[22m[39m[90m 85 |[39m     [36mconst[39m module[33m:[39m [33mTestingModule[39m [33m=[39m [36mawait[39m [33mTest[39m[33m.[39mcreateTestingModule({
     [90m    |[39m                                   [31m[1m^[22m[39m
     [90m 86 |[39m       providers[33m:[39m [
     [90m 87 |[39m         [33mBusinessesService[39m[33m,[39m
     [90m 88 |[39m         { provide[33m:[39m [33mBusinessesRepository[39m[33m,[39m useValue[33m:[39m mockRepository }[33m,[39m[0m

      at TestingInjector.lookupComponentInParentModules (../../../node_modules/@nestjs/core/injector/injector.js:290:19)
      at TestingInjector.resolveComponentWrapper (../../../node_modules/@nestjs/testing/testing-injector.js:19:45)
      at resolveParam (../../../node_modules/@nestjs/core/injector/injector.js:140:38)
          at async Promise.all (index 2)
      at TestingInjector.resolveConstructorParams (../../../node_modules/@nestjs/core/injector/injector.js:169:27)
      at TestingInjector.loadInstance (../../../node_modules/@nestjs/core/injector/injector.js:75:13)
      at TestingInjector.loadProvider (../../../node_modules/@nestjs/core/injector/injector.js:103:9)
      at ../../../node_modules/@nestjs/core/injector/instance-loader.js:56:13
          at async Promise.all (index 3)
      at TestingInstanceLoader.createInstancesOfProviders (../../../node_modules/@nestjs/core/injector/instance-loader.js:55:9)
      at ../../../node_modules/@nestjs/core/injector/instance-loader.js:40:13
          at async Promise.all (index 1)
      at TestingInstanceLoader.createInstances (../../../node_modules/@nestjs/core/injector/instance-loader.js:39:9)
      at TestingInstanceLoader.createInstancesOfDependencies (../../../node_modules/@nestjs/core/injector/instance-loader.js:22:13)
      at TestingInstanceLoader.createInstancesOfDependencies (../../../node_modules/@nestjs/testing/testing-instance-loader.js:9:9)
      at TestingModuleBuilder.createInstancesOfDependencies (../../../node_modules/@nestjs/testing/testing-module.builder.js:118:9)
      at TestingModuleBuilder.compile (../../../node_modules/@nestjs/testing/testing-module.builder.js:74:9)
      at Object.<anonymous> (modules/businesses/businesses.service.spec.ts:85:35)

  ● BusinessesService › getBrandProfile › returns brand profile for existing business

    Nest can't resolve dependencies of the BusinessesService (BusinessesRepository, AuditService, ?, GoogleReviewDetectionQueue, WhatsAppBspService). Please make sure that the argument GoogleReviewsProvider at index [2] is available in the RootTestModule module.

    Potential solutions:
    - Is RootTestModule a valid NestJS module?
    - If GoogleReviewsProvider is a provider, is it part of the current RootTestModule?
    - If GoogleReviewsProvider is exported from a separate @Module, is that module imported within RootTestModule?
      @Module({
        imports: [ /* the Module containing GoogleReviewsProvider */ ]
      })

    For more common dependency resolution issues, see: https://docs.nestjs.com/faq/common-errors

    [0m [90m 83 |[39m   beforeEach([36masync[39m () [33m=>[39m {
     [90m 84 |[39m     jest[33m.[39mclearAllMocks()[33m;[39m
    [31m[1m>[22m[39m[90m 85 |[39m     [36mconst[39m module[33m:[39m [33mTestingModule[39m [33m=[39m [36mawait[39m [33mTest[39m[33m.[39mcreateTestingModule({
     [90m    |[39m                                   [31m[1m^[22m[39m
     [90m 86 |[39m       providers[33m:[39m [
     [90m 87 |[39m         [33mBusinessesService[39m[33m,[39m
     [90m 88 |[39m         { provide[33m:[39m [33mBusinessesRepository[39m[33m,[39m useValue[33m:[39m mockRepository }[33m,[39m[0m

      at TestingInjector.lookupComponentInParentModules (../../../node_modules/@nestjs/core/injector/injector.js:290:19)
      at TestingInjector.resolveComponentWrapper (../../../node_modules/@nestjs/testing/testing-injector.js:19:45)
      at resolveParam (../../../node_modules/@nestjs/core/injector/injector.js:140:38)
          at async Promise.all (index 2)
      at TestingInjector.resolveConstructorParams (../../../node_modules/@nestjs/core/injector/injector.js:169:27)
      at TestingInjector.loadInstance (../../../node_modules/@nestjs/core/injector/injector.js:75:13)
      at TestingInjector.loadProvider (../../../node_modules/@nestjs/core/injector/injector.js:103:9)
      at ../../../node_modules/@nestjs/core/injector/instance-loader.js:56:13
          at async Promise.all (index 3)
      at TestingInstanceLoader.createInstancesOfProviders (../../../node_modules/@nestjs/core/injector/instance-loader.js:55:9)
      at ../../../node_modules/@nestjs/core/injector/instance-loader.js:40:13
          at async Promise.all (index 1)
      at TestingInstanceLoader.createInstances (../../../node_modules/@nestjs/core/injector/instance-loader.js:39:9)
      at TestingInstanceLoader.createInstancesOfDependencies (../../../node_modules/@nestjs/core/injector/instance-loader.js:22:13)
      at TestingInstanceLoader.createInstancesOfDependencies (../../../node_modules/@nestjs/testing/testing-instance-loader.js:9:9)
      at TestingModuleBuilder.createInstancesOfDependencies (../../../node_modules/@nestjs/testing/testing-module.builder.js:118:9)
      at TestingModuleBuilder.compile (../../../node_modules/@nestjs/testing/testing-module.builder.js:74:9)
      at Object.<anonymous> (modules/businesses/businesses.service.spec.ts:85:35)

  ● BusinessesService › getBrandProfile › throws NotFoundException if business does not exist

    Nest can't resolve dependencies of the BusinessesService (BusinessesRepository, AuditService, ?, GoogleReviewDetectionQueue, WhatsAppBspService). Please make sure that the argument GoogleReviewsProvider at index [2] is available in the RootTestModule module.

    Potential solutions:
    - Is RootTestModule a valid NestJS module?
    - If GoogleReviewsProvider is a provider, is it part of the current RootTestModule?
    - If GoogleReviewsProvider is exported from a separate @Module, is that module imported within RootTestModule?
      @Module({
        imports: [ /* the Module containing GoogleReviewsProvider */ ]
      })

    For more common dependency resolution issues, see: https://docs.nestjs.com/faq/common-errors

    [0m [90m 83 |[39m   beforeEach([36masync[39m () [33m=>[39m {
     [90m 84 |[39m     jest[33m.[39mclearAllMocks()[33m;[39m
    [31m[1m>[22m[39m[90m 85 |[39m     [36mconst[39m module[33m:[39m [33mTestingModule[39m [33m=[39m [36mawait[39m [33mTest[39m[33m.[39mcreateTestingModule({
     [90m    |[39m                                   [31m[1m^[22m[39m
     [90m 86 |[39m       providers[33m:[39m [
     [90m 87 |[39m         [33mBusinessesService[39m[33m,[39m
     [90m 88 |[39m         { provide[33m:[39m [33mBusinessesRepository[39m[33m,[39m useValue[33m:[39m mockRepository }[33m,[39m[0m

      at TestingInjector.lookupComponentInParentModules (../../../node_modules/@nestjs/core/injector/injector.js:290:19)
      at TestingInjector.resolveComponentWrapper (../../../node_modules/@nestjs/testing/testing-injector.js:19:45)
      at resolveParam (../../../node_modules/@nestjs/core/injector/injector.js:140:38)
          at async Promise.all (index 2)
      at TestingInjector.resolveConstructorParams (../../../node_modules/@nestjs/core/injector/injector.js:169:27)
      at TestingInjector.loadInstance (../../../node_modules/@nestjs/core/injector/injector.js:75:13)
      at TestingInjector.loadProvider (../../../node_modules/@nestjs/core/injector/injector.js:103:9)
      at ../../../node_modules/@nestjs/core/injector/instance-loader.js:56:13
          at async Promise.all (index 3)
      at TestingInstanceLoader.createInstancesOfProviders (../../../node_modules/@nestjs/core/injector/instance-loader.js:55:9)
      at ../../../node_modules/@nestjs/core/injector/instance-loader.js:40:13
          at async Promise.all (index 1)
      at TestingInstanceLoader.createInstances (../../../node_modules/@nestjs/core/injector/instance-loader.js:39:9)
      at TestingInstanceLoader.createInstancesOfDependencies (../../../node_modules/@nestjs/core/injector/instance-loader.js:22:13)
      at TestingInstanceLoader.createInstancesOfDependencies (../../../node_modules/@nestjs/testing/testing-instance-loader.js:9:9)
      at TestingModuleBuilder.createInstancesOfDependencies (../../../node_modules/@nestjs/testing/testing-module.builder.js:118:9)
      at TestingModuleBuilder.compile (../../../node_modules/@nestjs/testing/testing-module.builder.js:74:9)
      at Object.<anonymous> (modules/businesses/businesses.service.spec.ts:85:35)

  ● BusinessesService › updateBrandProfile › updates brand fields via repository

    Nest can't resolve dependencies of the BusinessesService (BusinessesRepository, AuditService, ?, GoogleReviewDetectionQueue, WhatsAppBspService). Please make sure that the argument GoogleReviewsProvider at index [2] is available in the RootTestModule module.

    Potential solutions:
    - Is RootTestModule a valid NestJS module?
    - If GoogleReviewsProvider is a provider, is it part of the current RootTestModule?
    - If GoogleReviewsProvider is exported from a separate @Module, is that module imported within RootTestModule?
      @Module({
        imports: [ /* the Module containing GoogleReviewsProvider */ ]
      })

    For more common dependency resolution issues, see: https://docs.nestjs.com/faq/common-errors

    [0m [90m 83 |[39m   beforeEach([36masync[39m () [33m=>[39m {
     [90m 84 |[39m     jest[33m.[39mclearAllMocks()[33m;[39m
    [31m[1m>[22m[39m[90m 85 |[39m     [36mconst[39m module[33m:[39m [33mTestingModule[39m [33m=[39m [36mawait[39m [33mTest[39m[33m.[39mcreateTestingModule({
     [90m    |[39m                                   [31m[1m^[22m[39m
     [90m 86 |[39m       providers[33m:[39m [
     [90m 87 |[39m         [33mBusinessesService[39m[33m,[39m
     [90m 88 |[39m         { provide[33m:[39m [33mBusinessesRepository[39m[33m,[39m useValue[33m:[39m mockRepository }[33m,[39m[0m

      at TestingInjector.lookupComponentInParentModules (../../../node_modules/@nestjs/core/injector/injector.js:290:19)
      at TestingInjector.resolveComponentWrapper (../../../node_modules/@nestjs/testing/testing-injector.js:19:45)
      at resolveParam (../../../node_modules/@nestjs/core/injector/injector.js:140:38)
          at async Promise.all (index 2)
      at TestingInjector.resolveConstructorParams (../../../node_modules/@nestjs/core/injector/injector.js:169:27)
      at TestingInjector.loadInstance (../../../node_modules/@nestjs/core/injector/injector.js:75:13)
      at TestingInjector.loadProvider (../../../node_modules/@nestjs/core/injector/injector.js:103:9)
      at ../../../node_modules/@nestjs/core/injector/instance-loader.js:56:13
          at async Promise.all (index 3)
      at TestingInstanceLoader.createInstancesOfProviders (../../../node_modules/@nestjs/core/injector/instance-loader.js:55:9)
      at ../../../node_modules/@nestjs/core/injector/instance-loader.js:40:13
          at async Promise.all (index 1)
      at TestingInstanceLoader.createInstances (../../../node_modules/@nestjs/core/injector/instance-loader.js:39:9)
      at TestingInstanceLoader.createInstancesOfDependencies (../../../node_modules/@nestjs/core/injector/instance-loader.js:22:13)
      at TestingInstanceLoader.createInstancesOfDependencies (../../../node_modules/@nestjs/testing/testing-instance-loader.js:9:9)
      at TestingModuleBuilder.createInstancesOfDependencies (../../../node_modules/@nestjs/testing/testing-module.builder.js:118:9)
      at TestingModuleBuilder.compile (../../../node_modules/@nestjs/testing/testing-module.builder.js:74:9)
      at Object.<anonymous> (modules/businesses/businesses.service.spec.ts:85:35)

  ● BusinessesService › updateBrandProfile › throws NotFoundException if business does not exist

    Nest can't resolve dependencies of the BusinessesService (BusinessesRepository, AuditService, ?, GoogleReviewDetectionQueue, WhatsAppBspService). Please make sure that the argument GoogleReviewsProvider at index [2] is available in the RootTestModule module.

    Potential solutions:
    - Is RootTestModule a valid NestJS module?
    - If GoogleReviewsProvider is a provider, is it part of the current RootTestModule?
    - If GoogleReviewsProvider is exported from a separate @Module, is that module imported within RootTestModule?
      @Module({
        imports: [ /* the Module containing GoogleReviewsProvider */ ]
      })

    For more common dependency resolution issues, see: https://docs.nestjs.com/faq/common-errors

    [0m [90m 83 |[39m   beforeEach([36masync[39m () [33m=>[39m {
     [90m 84 |[39m     jest[33m.[39mclearAllMocks()[33m;[39m
    [31m[1m>[22m[39m[90m 85 |[39m     [36mconst[39m module[33m:[39m [33mTestingModule[39m [33m=[39m [36mawait[39m [33mTest[39m[33m.[39mcreateTestingModule({
     [90m    |[39m                                   [31m[1m^[22m[39m
     [90m 86 |[39m       providers[33m:[39m [
     [90m 87 |[39m         [33mBusinessesService[39m[33m,[39m
     [90m 88 |[39m         { provide[33m:[39m [33mBusinessesRepository[39m[33m,[39m useValue[33m:[39m mockRepository }[33m,[39m[0m

      at TestingInjector.lookupComponentInParentModules (../../../node_modules/@nestjs/core/injector/injector.js:290:19)
      at TestingInjector.resolveComponentWrapper (../../../node_modules/@nestjs/testing/testing-injector.js:19:45)
      at resolveParam (../../../node_modules/@nestjs/core/injector/injector.js:140:38)
          at async Promise.all (index 2)
      at TestingInjector.resolveConstructorParams (../../../node_modules/@nestjs/core/injector/injector.js:169:27)
      at TestingInjector.loadInstance (../../../node_modules/@nestjs/core/injector/injector.js:75:13)
      at TestingInjector.loadProvider (../../../node_modules/@nestjs/core/injector/injector.js:103:9)
      at ../../../node_modules/@nestjs/core/injector/instance-loader.js:56:13
          at async Promise.all (index 3)
      at TestingInstanceLoader.createInstancesOfProviders (../../../node_modules/@nestjs/core/injector/instance-loader.js:55:9)
      at ../../../node_modules/@nestjs/core/injector/instance-loader.js:40:13
          at async Promise.all (index 1)
      at TestingInstanceLoader.createInstances (../../../node_modules/@nestjs/core/injector/instance-loader.js:39:9)
      at TestingInstanceLoader.createInstancesOfDependencies (../../../node_modules/@nestjs/core/injector/instance-loader.js:22:13)
      at TestingInstanceLoader.createInstancesOfDependencies (../../../node_modules/@nestjs/testing/testing-instance-loader.js:9:9)
      at TestingModuleBuilder.createInstancesOfDependencies (../../../node_modules/@nestjs/testing/testing-module.builder.js:118:9)
      at TestingModuleBuilder.compile (../../../node_modules/@nestjs/testing/testing-module.builder.js:74:9)
      at Object.<anonymous> (modules/businesses/businesses.service.spec.ts:85:35)

  ● BusinessesService › updateStatus › allows valid transition DRAFT → ACTIVE

    Nest can't resolve dependencies of the BusinessesService (BusinessesRepository, AuditService, ?, GoogleReviewDetectionQueue, WhatsAppBspService). Please make sure that the argument GoogleReviewsProvider at index [2] is available in the RootTestModule module.

    Potential solutions:
    - Is RootTestModule a valid NestJS module?
    - If GoogleReviewsProvider is a provider, is it part of the current RootTestModule?
    - If GoogleReviewsProvider is exported from a separate @Module, is that module imported within RootTestModule?
      @Module({
        imports: [ /* the Module containing GoogleReviewsProvider */ ]
      })

    For more common dependency resolution issues, see: https://docs.nestjs.com/faq/common-errors

    [0m [90m 83 |[39m   beforeEach([36masync[39m () [33m=>[39m {
     [90m 84 |[39m     jest[33m.[39mclearAllMocks()[33m;[39m
    [31m[1m>[22m[39m[90m 85 |[39m     [36mconst[39m module[33m:[39m [33mTestingModule[39m [33m=[39m [36mawait[39m [33mTest[39m[33m.[39mcreateTestingModule({
     [90m    |[39m                                   [31m[1m^[22m[39m
     [90m 86 |[39m       providers[33m:[39m [
     [90m 87 |[39m         [33mBusinessesService[39m[33m,[39m
     [90m 88 |[39m         { provide[33m:[39m [33mBusinessesRepository[39m[33m,[39m useValue[33m:[39m mockRepository }[33m,[39m[0m

      at TestingInjector.lookupComponentInParentModules (../../../node_modules/@nestjs/core/injector/injector.js:290:19)
      at TestingInjector.resolveComponentWrapper (../../../node_modules/@nestjs/testing/testing-injector.js:19:45)
      at resolveParam (../../../node_modules/@nestjs/core/injector/injector.js:140:38)
          at async Promise.all (index 2)
      at TestingInjector.resolveConstructorParams (../../../node_modules/@nestjs/core/injector/injector.js:169:27)
      at TestingInjector.loadInstance (../../../node_modules/@nestjs/core/injector/injector.js:75:13)
      at TestingInjector.loadProvider (../../../node_modules/@nestjs/core/injector/injector.js:103:9)
      at ../../../node_modules/@nestjs/core/injector/instance-loader.js:56:13
          at async Promise.all (index 3)
      at TestingInstanceLoader.createInstancesOfProviders (../../../node_modules/@nestjs/core/injector/instance-loader.js:55:9)
      at ../../../node_modules/@nestjs/core/injector/instance-loader.js:40:13
          at async Promise.all (index 1)
      at TestingInstanceLoader.createInstances (../../../node_modules/@nestjs/core/injector/instance-loader.js:39:9)
      at TestingInstanceLoader.createInstancesOfDependencies (../../../node_modules/@nestjs/core/injector/instance-loader.js:22:13)
      at TestingInstanceLoader.createInstancesOfDependencies (../../../node_modules/@nestjs/testing/testing-instance-loader.js:9:9)
      at TestingModuleBuilder.createInstancesOfDependencies (../../../node_modules/@nestjs/testing/testing-module.builder.js:118:9)
      at TestingModuleBuilder.compile (../../../node_modules/@nestjs/testing/testing-module.builder.js:74:9)
      at Object.<anonymous> (modules/businesses/businesses.service.spec.ts:85:35)

  ● BusinessesService › updateStatus › allows valid transition ACTIVE → ARCHIVED

    Nest can't resolve dependencies of the BusinessesService (BusinessesRepository, AuditService, ?, GoogleReviewDetectionQueue, WhatsAppBspService). Please make sure that the argument GoogleReviewsProvider at index [2] is available in the RootTestModule module.

    Potential solutions:
    - Is RootTestModule a valid NestJS module?
    - If GoogleReviewsProvider is a provider, is it part of the current RootTestModule?
    - If GoogleReviewsProvider is exported from a separate @Module, is that module imported within RootTestModule?
      @Module({
        imports: [ /* the Module containing GoogleReviewsProvider */ ]
      })

    For more common dependency resolution issues, see: https://docs.nestjs.com/faq/common-errors

    [0m [90m 83 |[39m   beforeEach([36masync[39m () [33m=>[39m {
     [90m 84 |[39m     jest[33m.[39mclearAllMocks()[33m;[39m
    [31m[1m>[22m[39m[90m 85 |[39m     [36mconst[39m module[33m:[39m [33mTestingModule[39m [33m=[39m [36mawait[39m [33mTest[39m[33m.[39mcreateTestingModule({
     [90m    |[39m                                   [31m[1m^[22m[39m
     [90m 86 |[39m       providers[33m:[39m [
     [90m 87 |[39m         [33mBusinessesService[39m[33m,[39m
     [90m 88 |[39m         { provide[33m:[39m [33mBusinessesRepository[39m[33m,[39m useValue[33m:[39m mockRepository }[33m,[39m[0m

      at TestingInjector.lookupComponentInParentModules (../../../node_modules/@nestjs/core/injector/injector.js:290:19)
      at TestingInjector.resolveComponentWrapper (../../../node_modules/@nestjs/testing/testing-injector.js:19:45)
      at resolveParam (../../../node_modules/@nestjs/core/injector/injector.js:140:38)
          at async Promise.all (index 2)
      at TestingInjector.resolveConstructorParams (../../../node_modules/@nestjs/core/injector/injector.js:169:27)
      at TestingInjector.loadInstance (../../../node_modules/@nestjs/core/injector/injector.js:75:13)
      at TestingInjector.loadProvider (../../../node_modules/@nestjs/core/injector/injector.js:103:9)
      at ../../../node_modules/@nestjs/core/injector/instance-loader.js:56:13
          at async Promise.all (index 3)
      at TestingInstanceLoader.createInstancesOfProviders (../../../node_modules/@nestjs/core/injector/instance-loader.js:55:9)
      at ../../../node_modules/@nestjs/core/injector/instance-loader.js:40:13
          at async Promise.all (index 1)
      at TestingInstanceLoader.createInstances (../../../node_modules/@nestjs/core/injector/instance-loader.js:39:9)
      at TestingInstanceLoader.createInstancesOfDependencies (../../../node_modules/@nestjs/core/injector/instance-loader.js:22:13)
      at TestingInstanceLoader.createInstancesOfDependencies (../../../node_modules/@nestjs/testing/testing-instance-loader.js:9:9)
      at TestingModuleBuilder.createInstancesOfDependencies (../../../node_modules/@nestjs/testing/testing-module.builder.js:118:9)
      at TestingModuleBuilder.compile (../../../node_modules/@nestjs/testing/testing-module.builder.js:74:9)
      at Object.<anonymous> (modules/businesses/businesses.service.spec.ts:85:35)

  ● BusinessesService › updateStatus › rejects invalid transition DRAFT → ARCHIVED

    Nest can't resolve dependencies of the BusinessesService (BusinessesRepository, AuditService, ?, GoogleReviewDetectionQueue, WhatsAppBspService). Please make sure that the argument GoogleReviewsProvider at index [2] is available in the RootTestModule module.

    Potential solutions:
    - Is RootTestModule a valid NestJS module?
    - If GoogleReviewsProvider is a provider, is it part of the current RootTestModule?
    - If GoogleReviewsProvider is exported from a separate @Module, is that module imported within RootTestModule?
      @Module({
        imports: [ /* the Module containing GoogleReviewsProvider */ ]
      })

    For more common dependency resolution issues, see: https://docs.nestjs.com/faq/common-errors

    [0m [90m 83 |[39m   beforeEach([36masync[39m () [33m=>[39m {
     [90m 84 |[39m     jest[33m.[39mclearAllMocks()[33m;[39m
    [31m[1m>[22m[39m[90m 85 |[39m     [36mconst[39m module[33m:[39m [33mTestingModule[39m [33m=[39m [36mawait[39m [33mTest[39m[33m.[39mcreateTestingModule({
     [90m    |[39m                                   [31m[1m^[22m[39m
     [90m 86 |[39m       providers[33m:[39m [
     [90m 87 |[39m         [33mBusinessesService[39m[33m,[39m
     [90m 88 |[39m         { provide[33m:[39m [33mBusinessesRepository[39m[33m,[39m useValue[33m:[39m mockRepository }[33m,[39m[0m

      at TestingInjector.lookupComponentInParentModules (../../../node_modules/@nestjs/core/injector/injector.js:290:19)
      at TestingInjector.resolveComponentWrapper (../../../node_modules/@nestjs/testing/testing-injector.js:19:45)
      at resolveParam (../../../node_modules/@nestjs/core/injector/injector.js:140:38)
          at async Promise.all (index 2)
      at TestingInjector.resolveConstructorParams (../../../node_modules/@nestjs/core/injector/injector.js:169:27)
      at TestingInjector.loadInstance (../../../node_modules/@nestjs/core/injector/injector.js:75:13)
      at TestingInjector.loadProvider (../../../node_modules/@nestjs/core/injector/injector.js:103:9)
      at ../../../node_modules/@nestjs/core/injector/instance-loader.js:56:13
          at async Promise.all (index 3)
      at TestingInstanceLoader.createInstancesOfProviders (../../../node_modules/@nestjs/core/injector/instance-loader.js:55:9)
      at ../../../node_modules/@nestjs/core/injector/instance-loader.js:40:13
          at async Promise.all (index 1)
      at TestingInstanceLoader.createInstances (../../../node_modules/@nestjs/core/injector/instance-loader.js:39:9)
      at TestingInstanceLoader.createInstancesOfDependencies (../../../node_modules/@nestjs/core/injector/instance-loader.js:22:13)
      at TestingInstanceLoader.createInstancesOfDependencies (../../../node_modules/@nestjs/testing/testing-instance-loader.js:9:9)
      at TestingModuleBuilder.createInstancesOfDependencies (../../../node_modules/@nestjs/testing/testing-module.builder.js:118:9)
      at TestingModuleBuilder.compile (../../../node_modules/@nestjs/testing/testing-module.builder.js:74:9)
      at Object.<anonymous> (modules/businesses/businesses.service.spec.ts:85:35)

  ● BusinessesService › updateStatus › rejects any transition from ARCHIVED (terminal state)

    Nest can't resolve dependencies of the BusinessesService (BusinessesRepository, AuditService, ?, GoogleReviewDetectionQueue, WhatsAppBspService). Please make sure that the argument GoogleReviewsProvider at index [2] is available in the RootTestModule module.

    Potential solutions:
    - Is RootTestModule a valid NestJS module?
    - If GoogleReviewsProvider is a provider, is it part of the current RootTestModule?
    - If GoogleReviewsProvider is exported from a separate @Module, is that module imported within RootTestModule?
      @Module({
        imports: [ /* the Module containing GoogleReviewsProvider */ ]
      })

    For more common dependency resolution issues, see: https://docs.nestjs.com/faq/common-errors

    [0m [90m 83 |[39m   beforeEach([36masync[39m () [33m=>[39m {
     [90m 84 |[39m     jest[33m.[39mclearAllMocks()[33m;[39m
    [31m[1m>[22m[39m[90m 85 |[39m     [36mconst[39m module[33m:[39m [33mTestingModule[39m [33m=[39m [36mawait[39m [33mTest[39m[33m.[39mcreateTestingModule({
     [90m    |[39m                                   [31m[1m^[22m[39m
     [90m 86 |[39m       providers[33m:[39m [
     [90m 87 |[39m         [33mBusinessesService[39m[33m,[39m
     [90m 88 |[39m         { provide[33m:[39m [33mBusinessesRepository[39m[33m,[39m useValue[33m:[39m mockRepository }[33m,[39m[0m

      at TestingInjector.lookupComponentInParentModules (../../../node_modules/@nestjs/core/injector/injector.js:290:19)
      at TestingInjector.resolveComponentWrapper (../../../node_modules/@nestjs/testing/testing-injector.js:19:45)
      at resolveParam (../../../node_modules/@nestjs/core/injector/injector.js:140:38)
          at async Promise.all (index 2)
      at TestingInjector.resolveConstructorParams (../../../node_modules/@nestjs/core/injector/injector.js:169:27)
      at TestingInjector.loadInstance (../../../node_modules/@nestjs/core/injector/injector.js:75:13)
      at TestingInjector.loadProvider (../../../node_modules/@nestjs/core/injector/injector.js:103:9)
      at ../../../node_modules/@nestjs/core/injector/instance-loader.js:56:13
          at async Promise.all (index 3)
      at TestingInstanceLoader.createInstancesOfProviders (../../../node_modules/@nestjs/core/injector/instance-loader.js:55:9)
      at ../../../node_modules/@nestjs/core/injector/instance-loader.js:40:13
          at async Promise.all (index 1)
      at TestingInstanceLoader.createInstances (../../../node_modules/@nestjs/core/injector/instance-loader.js:39:9)
      at TestingInstanceLoader.createInstancesOfDependencies (../../../node_modules/@nestjs/core/injector/instance-loader.js:22:13)
      at TestingInstanceLoader.createInstancesOfDependencies (../../../node_modules/@nestjs/testing/testing-instance-loader.js:9:9)
      at TestingModuleBuilder.createInstancesOfDependencies (../../../node_modules/@nestjs/testing/testing-module.builder.js:118:9)
      at TestingModuleBuilder.compile (../../../node_modules/@nestjs/testing/testing-module.builder.js:74:9)
      at Object.<anonymous> (modules/businesses/businesses.service.spec.ts:85:35)

  ● BusinessesService › updateStatus › rejects invalid transition DRAFT → SUSPENDED

    Nest can't resolve dependencies of the BusinessesService (BusinessesRepository, AuditService, ?, GoogleReviewDetectionQueue, WhatsAppBspService). Please make sure that the argument GoogleReviewsProvider at index [2] is available in the RootTestModule module.

    Potential solutions:
    - Is RootTestModule a valid NestJS module?
    - If GoogleReviewsProvider is a provider, is it part of the current RootTestModule?
    - If GoogleReviewsProvider is exported from a separate @Module, is that module imported within RootTestModule?
      @Module({
        imports: [ /* the Module containing GoogleReviewsProvider */ ]
      })

    For more common dependency resolution issues, see: https://docs.nestjs.com/faq/common-errors

    [0m [90m 83 |[39m   beforeEach([36masync[39m () [33m=>[39m {
     [90m 84 |[39m     jest[33m.[39mclearAllMocks()[33m;[39m
    [31m[1m>[22m[39m[90m 85 |[39m     [36mconst[39m module[33m:[39m [33mTestingModule[39m [33m=[39m [36mawait[39m [33mTest[39m[33m.[39mcreateTestingModule({
     [90m    |[39m                                   [31m[1m^[22m[39m
     [90m 86 |[39m       providers[33m:[39m [
     [90m 87 |[39m         [33mBusinessesService[39m[33m,[39m
     [90m 88 |[39m         { provide[33m:[39m [33mBusinessesRepository[39m[33m,[39m useValue[33m:[39m mockRepository }[33m,[39m[0m

      at TestingInjector.lookupComponentInParentModules (../../../node_modules/@nestjs/core/injector/injector.js:290:19)
      at TestingInjector.resolveComponentWrapper (../../../node_modules/@nestjs/testing/testing-injector.js:19:45)
      at resolveParam (../../../node_modules/@nestjs/core/injector/injector.js:140:38)
          at async Promise.all (index 2)
      at TestingInjector.resolveConstructorParams (../../../node_modules/@nestjs/core/injector/injector.js:169:27)
      at TestingInjector.loadInstance (../../../node_modules/@nestjs/core/injector/injector.js:75:13)
      at TestingInjector.loadProvider (../../../node_modules/@nestjs/core/injector/injector.js:103:9)
      at ../../../node_modules/@nestjs/core/injector/instance-loader.js:56:13
          at async Promise.all (index 3)
      at TestingInstanceLoader.createInstancesOfProviders (../../../node_modules/@nestjs/core/injector/instance-loader.js:55:9)
      at ../../../node_modules/@nestjs/core/injector/instance-loader.js:40:13
          at async Promise.all (index 1)
      at TestingInstanceLoader.createInstances (../../../node_modules/@nestjs/core/injector/instance-loader.js:39:9)
      at TestingInstanceLoader.createInstancesOfDependencies (../../../node_modules/@nestjs/core/injector/instance-loader.js:22:13)
      at TestingInstanceLoader.createInstancesOfDependencies (../../../node_modules/@nestjs/testing/testing-instance-loader.js:9:9)
      at TestingModuleBuilder.createInstancesOfDependencies (../../../node_modules/@nestjs/testing/testing-module.builder.js:118:9)
      at TestingModuleBuilder.compile (../../../node_modules/@nestjs/testing/testing-module.builder.js:74:9)
      at Object.<anonymous> (modules/businesses/businesses.service.spec.ts:85:35)

  ● BusinessesService › updateStatus › throws NotFoundException if business does not exist

    Nest can't resolve dependencies of the BusinessesService (BusinessesRepository, AuditService, ?, GoogleReviewDetectionQueue, WhatsAppBspService). Please make sure that the argument GoogleReviewsProvider at index [2] is available in the RootTestModule module.

    Potential solutions:
    - Is RootTestModule a valid NestJS module?
    - If GoogleReviewsProvider is a provider, is it part of the current RootTestModule?
    - If GoogleReviewsProvider is exported from a separate @Module, is that module imported within RootTestModule?
      @Module({
        imports: [ /* the Module containing GoogleReviewsProvider */ ]
      })

    For more common dependency resolution issues, see: https://docs.nestjs.com/faq/common-errors

    [0m [90m 83 |[39m   beforeEach([36masync[39m () [33m=>[39m {
     [90m 84 |[39m     jest[33m.[39mclearAllMocks()[33m;[39m
    [31m[1m>[22m[39m[90m 85 |[39m     [36mconst[39m module[33m:[39m [33mTestingModule[39m [33m=[39m [36mawait[39m [33mTest[39m[33m.[39mcreateTestingModule({
     [90m    |[39m                                   [31m[1m^[22m[39m
     [90m 86 |[39m       providers[33m:[39m [
     [90m 87 |[39m         [33mBusinessesService[39m[33m,[39m
     [90m 88 |[39m         { provide[33m:[39m [33mBusinessesRepository[39m[33m,[39m useValue[33m:[39m mockRepository }[33m,[39m[0m

      at TestingInjector.lookupComponentInParentModules (../../../node_modules/@nestjs/core/injector/injector.js:290:19)
      at TestingInjector.resolveComponentWrapper (../../../node_modules/@nestjs/testing/testing-injector.js:19:45)
      at resolveParam (../../../node_modules/@nestjs/core/injector/injector.js:140:38)
          at async Promise.all (index 2)
      at TestingInjector.resolveConstructorParams (../../../node_modules/@nestjs/core/injector/injector.js:169:27)
      at TestingInjector.loadInstance (../../../node_modules/@nestjs/core/injector/injector.js:75:13)
      at TestingInjector.loadProvider (../../../node_modules/@nestjs/core/injector/injector.js:103:9)
      at ../../../node_modules/@nestjs/core/injector/instance-loader.js:56:13
          at async Promise.all (index 3)
      at TestingInstanceLoader.createInstancesOfProviders (../../../node_modules/@nestjs/core/injector/instance-loader.js:55:9)
      at ../../../node_modules/@nestjs/core/injector/instance-loader.js:40:13
          at async Promise.all (index 1)
      at TestingInstanceLoader.createInstances (../../../node_modules/@nestjs/core/injector/instance-loader.js:39:9)
      at TestingInstanceLoader.createInstancesOfDependencies (../../../node_modules/@nestjs/core/injector/instance-loader.js:22:13)
      at TestingInstanceLoader.createInstancesOfDependencies (../../../node_modules/@nestjs/testing/testing-instance-loader.js:9:9)
      at TestingModuleBuilder.createInstancesOfDependencies (../../../node_modules/@nestjs/testing/testing-module.builder.js:118:9)
      at TestingModuleBuilder.compile (../../../node_modules/@nestjs/testing/testing-module.builder.js:74:9)
      at Object.<anonymous> (modules/businesses/businesses.service.spec.ts:85:35)

FAIL modules/auth/auth.service.spec.ts
  ● AuthService › signup › creates an account and returns an active business membership for dashboard access

    Nest can't resolve dependencies of the AuthService (AuthRepository, JwtService, ?). Please make sure that the argument EmailService at index [2] is available in the RootTestModule module.

    Potential solutions:
    - Is RootTestModule a valid NestJS module?
    - If EmailService is a provider, is it part of the current RootTestModule?
    - If EmailService is exported from a separate @Module, is that module imported within RootTestModule?
      @Module({
        imports: [ /* the Module containing EmailService */ ]
      })

    For more common dependency resolution issues, see: https://docs.nestjs.com/faq/common-errors

    [0m [90m 34 |[39m     jest[33m.[39mclearAllMocks()[33m;[39m
     [90m 35 |[39m     process[33m.[39menv[33m.[39m[33mNODE_ENV[39m [33m=[39m originalNodeEnv[33m;[39m
    [31m[1m>[22m[39m[90m 36 |[39m     [36mconst[39m module[33m:[39m [33mTestingModule[39m [33m=[39m [36mawait[39m [33mTest[39m[33m.[39mcreateTestingModule({
     [90m    |[39m                                   [31m[1m^[22m[39m
     [90m 37 |[39m       providers[33m:[39m [
     [90m 38 |[39m         [33mAuthService[39m[33m,[39m
     [90m 39 |[39m         { provide[33m:[39m [33mAuthRepository[39m[33m,[39m useValue[33m:[39m mockRepository }[33m,[39m[0m

      at TestingInjector.lookupComponentInParentModules (../../../node_modules/@nestjs/core/injector/injector.js:290:19)
      at TestingInjector.resolveComponentWrapper (../../../node_modules/@nestjs/testing/testing-injector.js:19:45)
      at resolveParam (../../../node_modules/@nestjs/core/injector/injector.js:140:38)
          at async Promise.all (index 2)
      at TestingInjector.resolveConstructorParams (../../../node_modules/@nestjs/core/injector/injector.js:169:27)
      at TestingInjector.loadInstance (../../../node_modules/@nestjs/core/injector/injector.js:75:13)
      at TestingInjector.loadProvider (../../../node_modules/@nestjs/core/injector/injector.js:103:9)
      at ../../../node_modules/@nestjs/core/injector/instance-loader.js:56:13
          at async Promise.all (index 3)
      at TestingInstanceLoader.createInstancesOfProviders (../../../node_modules/@nestjs/core/injector/instance-loader.js:55:9)
      at ../../../node_modules/@nestjs/core/injector/instance-loader.js:40:13
          at async Promise.all (index 1)
      at TestingInstanceLoader.createInstances (../../../node_modules/@nestjs/core/injector/instance-loader.js:39:9)
      at TestingInstanceLoader.createInstancesOfDependencies (../../../node_modules/@nestjs/core/injector/instance-loader.js:22:13)
      at TestingInstanceLoader.createInstancesOfDependencies (../../../node_modules/@nestjs/testing/testing-instance-loader.js:9:9)
      at TestingModuleBuilder.createInstancesOfDependencies (../../../node_modules/@nestjs/testing/testing-module.builder.js:118:9)
      at TestingModuleBuilder.compile (../../../node_modules/@nestjs/testing/testing-module.builder.js:74:9)
      at Object.<anonymous> (modules/auth/auth.service.spec.ts:36:35)

  ● AuthService › login › throws UnauthorizedException when user not found

    Nest can't resolve dependencies of the AuthService (AuthRepository, JwtService, ?). Please make sure that the argument EmailService at index [2] is available in the RootTestModule module.

    Potential solutions:
    - Is RootTestModule a valid NestJS module?
    - If EmailService is a provider, is it part of the current RootTestModule?
    - If EmailService is exported from a separate @Module, is that module imported within RootTestModule?
      @Module({
        imports: [ /* the Module containing EmailService */ ]
      })

    For more common dependency resolution issues, see: https://docs.nestjs.com/faq/common-errors

    [0m [90m 34 |[39m     jest[33m.[39mclearAllMocks()[33m;[39m
     [90m 35 |[39m     process[33m.[39menv[33m.[39m[33mNODE_ENV[39m [33m=[39m originalNodeEnv[33m;[39m
    [31m[1m>[22m[39m[90m 36 |[39m     [36mconst[39m module[33m:[39m [33mTestingModule[39m [33m=[39m [36mawait[39m [33mTest[39m[33m.[39mcreateTestingModule({
     [90m    |[39m                                   [31m[1m^[22m[39m
     [90m 37 |[39m       providers[33m:[39m [
     [90m 38 |[39m         [33mAuthService[39m[33m,[39m
     [90m 39 |[39m         { provide[33m:[39m [33mAuthRepository[39m[33m,[39m useValue[33m:[39m mockRepository }[33m,[39m[0m

      at TestingInjector.lookupComponentInParentModules (../../../node_modules/@nestjs/core/injector/injector.js:290:19)
      at TestingInjector.resolveComponentWrapper (../../../node_modules/@nestjs/testing/testing-injector.js:19:45)
      at resolveParam (../../../node_modules/@nestjs/core/injector/injector.js:140:38)
          at async Promise.all (index 2)
      at TestingInjector.resolveConstructorParams (../../../node_modules/@nestjs/core/injector/injector.js:169:27)
      at TestingInjector.loadInstance (../../../node_modules/@nestjs/core/injector/injector.js:75:13)
      at TestingInjector.loadProvider (../../../node_modules/@nestjs/core/injector/injector.js:103:9)
      at ../../../node_modules/@nestjs/core/injector/instance-loader.js:56:13
          at async Promise.all (index 3)
      at TestingInstanceLoader.createInstancesOfProviders (../../../node_modules/@nestjs/core/injector/instance-loader.js:55:9)
      at ../../../node_modules/@nestjs/core/injector/instance-loader.js:40:13
          at async Promise.all (index 1)
      at TestingInstanceLoader.createInstances (../../../node_modules/@nestjs/core/injector/instance-loader.js:39:9)
      at TestingInstanceLoader.createInstancesOfDependencies (../../../node_modules/@nestjs/core/injector/instance-loader.js:22:13)
      at TestingInstanceLoader.createInstancesOfDependencies (../../../node_modules/@nestjs/testing/testing-instance-loader.js:9:9)
      at TestingModuleBuilder.createInstancesOfDependencies (../../../node_modules/@nestjs/testing/testing-module.builder.js:118:9)
      at TestingModuleBuilder.compile (../../../node_modules/@nestjs/testing/testing-module.builder.js:74:9)
      at Object.<anonymous> (modules/auth/auth.service.spec.ts:36:35)

  ● AuthService › login › throws UnauthorizedException when user is inactive

    Nest can't resolve dependencies of the AuthService (AuthRepository, JwtService, ?). Please make sure that the argument EmailService at index [2] is available in the RootTestModule module.

    Potential solutions:
    - Is RootTestModule a valid NestJS module?
    - If EmailService is a provider, is it part of the current RootTestModule?
    - If EmailService is exported from a separate @Module, is that module imported within RootTestModule?
      @Module({
        imports: [ /* the Module containing EmailService */ ]
      })

    For more common dependency resolution issues, see: https://docs.nestjs.com/faq/common-errors

    [0m [90m 34 |[39m     jest[33m.[39mclearAllMocks()[33m;[39m
     [90m 35 |[39m     process[33m.[39menv[33m.[39m[33mNODE_ENV[39m [33m=[39m originalNodeEnv[33m;[39m
    [31m[1m>[22m[39m[90m 36 |[39m     [36mconst[39m module[33m:[39m [33mTestingModule[39m [33m=[39m [36mawait[39m [33mTest[39m[33m.[39mcreateTestingModule({
     [90m    |[39m                                   [31m[1m^[22m[39m
     [90m 37 |[39m       providers[33m:[39m [
     [90m 38 |[39m         [33mAuthService[39m[33m,[39m
     [90m 39 |[39m         { provide[33m:[39m [33mAuthRepository[39m[33m,[39m useValue[33m:[39m mockRepository }[33m,[39m[0m

      at TestingInjector.lookupComponentInParentModules (../../../node_modules/@nestjs/core/injector/injector.js:290:19)
      at TestingInjector.resolveComponentWrapper (../../../node_modules/@nestjs/testing/testing-injector.js:19:45)
      at resolveParam (../../../node_modules/@nestjs/core/injector/injector.js:140:38)
          at async Promise.all (index 2)
      at TestingInjector.resolveConstructorParams (../../../node_modules/@nestjs/core/injector/injector.js:169:27)
      at TestingInjector.loadInstance (../../../node_modules/@nestjs/core/injector/injector.js:75:13)
      at TestingInjector.loadProvider (../../../node_modules/@nestjs/core/injector/injector.js:103:9)
      at ../../../node_modules/@nestjs/core/injector/instance-loader.js:56:13
          at async Promise.all (index 3)
      at TestingInstanceLoader.createInstancesOfProviders (../../../node_modules/@nestjs/core/injector/instance-loader.js:55:9)
      at ../../../node_modules/@nestjs/core/injector/instance-loader.js:40:13
          at async Promise.all (index 1)
      at TestingInstanceLoader.createInstances (../../../node_modules/@nestjs/core/injector/instance-loader.js:39:9)
      at TestingInstanceLoader.createInstancesOfDependencies (../../../node_modules/@nestjs/core/injector/instance-loader.js:22:13)
      at TestingInstanceLoader.createInstancesOfDependencies (../../../node_modules/@nestjs/testing/testing-instance-loader.js:9:9)
      at TestingModuleBuilder.createInstancesOfDependencies (../../../node_modules/@nestjs/testing/testing-module.builder.js:118:9)
      at TestingModuleBuilder.compile (../../../node_modules/@nestjs/testing/testing-module.builder.js:74:9)
      at Object.<anonymous> (modules/auth/auth.service.spec.ts:36:35)

  ● AuthService › login › throws UnauthorizedException on wrong password

    Nest can't resolve dependencies of the AuthService (AuthRepository, JwtService, ?). Please make sure that the argument EmailService at index [2] is available in the RootTestModule module.

    Potential solutions:
    - Is RootTestModule a valid NestJS module?
    - If EmailService is a provider, is it part of the current RootTestModule?
    - If EmailService is exported from a separate @Module, is that module imported within RootTestModule?
      @Module({
        imports: [ /* the Module containing EmailService */ ]
      })

    For more common dependency resolution issues, see: https://docs.nestjs.com/faq/common-errors

    [0m [90m 34 |[39m     jest[33m.[39mclearAllMocks()[33m;[39m
     [90m 35 |[39m     process[33m.[39menv[33m.[39m[33mNODE_ENV[39m [33m=[39m originalNodeEnv[33m;[39m
    [31m[1m>[22m[39m[90m 36 |[39m     [36mconst[39m module[33m:[39m [33mTestingModule[39m [33m=[39m [36mawait[39m [33mTest[39m[33m.[39mcreateTestingModule({
     [90m    |[39m                                   [31m[1m^[22m[39m
     [90m 37 |[39m       providers[33m:[39m [
     [90m 38 |[39m         [33mAuthService[39m[33m,[39m
     [90m 39 |[39m         { provide[33m:[39m [33mAuthRepository[39m[33m,[39m useValue[33m:[39m mockRepository }[33m,[39m[0m

      at TestingInjector.lookupComponentInParentModules (../../../node_modules/@nestjs/core/injector/injector.js:290:19)
      at TestingInjector.resolveComponentWrapper (../../../node_modules/@nestjs/testing/testing-injector.js:19:45)
      at resolveParam (../../../node_modules/@nestjs/core/injector/injector.js:140:38)
          at async Promise.all (index 2)
      at TestingInjector.resolveConstructorParams (../../../node_modules/@nestjs/core/injector/injector.js:169:27)
      at TestingInjector.loadInstance (../../../node_modules/@nestjs/core/injector/injector.js:75:13)
      at TestingInjector.loadProvider (../../../node_modules/@nestjs/core/injector/injector.js:103:9)
      at ../../../node_modules/@nestjs/core/injector/instance-loader.js:56:13
          at async Promise.all (index 3)
      at TestingInstanceLoader.createInstancesOfProviders (../../../node_modules/@nestjs/core/injector/instance-loader.js:55:9)
      at ../../../node_modules/@nestjs/core/injector/instance-loader.js:40:13
          at async Promise.all (index 1)
      at TestingInstanceLoader.createInstances (../../../node_modules/@nestjs/core/injector/instance-loader.js:39:9)
      at TestingInstanceLoader.createInstancesOfDependencies (../../../node_modules/@nestjs/core/injector/instance-loader.js:22:13)
      at TestingInstanceLoader.createInstancesOfDependencies (../../../node_modules/@nestjs/testing/testing-instance-loader.js:9:9)
      at TestingModuleBuilder.createInstancesOfDependencies (../../../node_modules/@nestjs/testing/testing-module.builder.js:118:9)
      at TestingModuleBuilder.compile (../../../node_modules/@nestjs/testing/testing-module.builder.js:74:9)
      at Object.<anonymous> (modules/auth/auth.service.spec.ts:36:35)

  ● AuthService › login › returns tokens and memberships on valid credentials

    Nest can't resolve dependencies of the AuthService (AuthRepository, JwtService, ?). Please make sure that the argument EmailService at index [2] is available in the RootTestModule module.

    Potential solutions:
    - Is RootTestModule a valid NestJS module?
    - If EmailService is a provider, is it part of the current RootTestModule?
    - If EmailService is exported from a separate @Module, is that module imported within RootTestModule?
      @Module({
        imports: [ /* the Module containing EmailService */ ]
      })

    For more common dependency resolution issues, see: https://docs.nestjs.com/faq/common-errors

    [0m [90m 34 |[39m     jest[33m.[39mclearAllMocks()[33m;[39m
     [90m 35 |[39m     process[33m.[39menv[33m.[39m[33mNODE_ENV[39m [33m=[39m originalNodeEnv[33m;[39m
    [31m[1m>[22m[39m[90m 36 |[39m     [36mconst[39m module[33m:[39m [33mTestingModule[39m [33m=[39m [36mawait[39m [33mTest[39m[33m.[39mcreateTestingModule({
     [90m    |[39m                                   [31m[1m^[22m[39m
     [90m 37 |[39m       providers[33m:[39m [
     [90m 38 |[39m         [33mAuthService[39m[33m,[39m
     [90m 39 |[39m         { provide[33m:[39m [33mAuthRepository[39m[33m,[39m useValue[33m:[39m mockRepository }[33m,[39m[0m

      at TestingInjector.lookupComponentInParentModules (../../../node_modules/@nestjs/core/injector/injector.js:290:19)
      at TestingInjector.resolveComponentWrapper (../../../node_modules/@nestjs/testing/testing-injector.js:19:45)
      at resolveParam (../../../node_modules/@nestjs/core/injector/injector.js:140:38)
          at async Promise.all (index 2)
      at TestingInjector.resolveConstructorParams (../../../node_modules/@nestjs/core/injector/injector.js:169:27)
      at TestingInjector.loadInstance (../../../node_modules/@nestjs/core/injector/injector.js:75:13)
      at TestingInjector.loadProvider (../../../node_modules/@nestjs/core/injector/injector.js:103:9)
      at ../../../node_modules/@nestjs/core/injector/instance-loader.js:56:13
          at async Promise.all (index 3)
      at TestingInstanceLoader.createInstancesOfProviders (../../../node_modules/@nestjs/core/injector/instance-loader.js:55:9)
      at ../../../node_modules/@nestjs/core/injector/instance-loader.js:40:13
          at async Promise.all (index 1)
      at TestingInstanceLoader.createInstances (../../../node_modules/@nestjs/core/injector/instance-loader.js:39:9)
      at TestingInstanceLoader.createInstancesOfDependencies (../../../node_modules/@nestjs/core/injector/instance-loader.js:22:13)
      at TestingInstanceLoader.createInstancesOfDependencies (../../../node_modules/@nestjs/testing/testing-instance-loader.js:9:9)
      at TestingModuleBuilder.createInstancesOfDependencies (../../../node_modules/@nestjs/testing/testing-module.builder.js:118:9)
      at TestingModuleBuilder.compile (../../../node_modules/@nestjs/testing/testing-module.builder.js:74:9)
      at Object.<anonymous> (modules/auth/auth.service.spec.ts:36:35)

  ● AuthService › logout › revokes the session associated with the refresh token

    Nest can't resolve dependencies of the AuthService (AuthRepository, JwtService, ?). Please make sure that the argument EmailService at index [2] is available in the RootTestModule module.

    Potential solutions:
    - Is RootTestModule a valid NestJS module?
    - If EmailService is a provider, is it part of the current RootTestModule?
    - If EmailService is exported from a separate @Module, is that module imported within RootTestModule?
      @Module({
        imports: [ /* the Module containing EmailService */ ]
      })

    For more common dependency resolution issues, see: https://docs.nestjs.com/faq/common-errors

    [0m [90m 34 |[39m     jest[33m.[39mclearAllMocks()[33m;[39m
     [90m 35 |[39m     process[33m.[39menv[33m.[39m[33mNODE_ENV[39m [33m=[39m originalNodeEnv[33m;[39m
    [31m[1m>[22m[39m[90m 36 |[39m     [36mconst[39m module[33m:[39m [33mTestingModule[39m [33m=[39m [36mawait[39m [33mTest[39m[33m.[39mcreateTestingModule({
     [90m    |[39m                                   [31m[1m^[22m[39m
     [90m 37 |[39m       providers[33m:[39m [
     [90m 38 |[39m         [33mAuthService[39m[33m,[39m
     [90m 39 |[39m         { provide[33m:[39m [33mAuthRepository[39m[33m,[39m useValue[33m:[39m mockRepository }[33m,[39m[0m

      at TestingInjector.lookupComponentInParentModules (../../../node_modules/@nestjs/core/injector/injector.js:290:19)
      at TestingInjector.resolveComponentWrapper (../../../node_modules/@nestjs/testing/testing-injector.js:19:45)
      at resolveParam (../../../node_modules/@nestjs/core/injector/injector.js:140:38)
          at async Promise.all (index 2)
      at TestingInjector.resolveConstructorParams (../../../node_modules/@nestjs/core/injector/injector.js:169:27)
      at TestingInjector.loadInstance (../../../node_modules/@nestjs/core/injector/injector.js:75:13)
      at TestingInjector.loadProvider (../../../node_modules/@nestjs/core/injector/injector.js:103:9)
      at ../../../node_modules/@nestjs/core/injector/instance-loader.js:56:13
          at async Promise.all (index 3)
      at TestingInstanceLoader.createInstancesOfProviders (../../../node_modules/@nestjs/core/injector/instance-loader.js:55:9)
      at ../../../node_modules/@nestjs/core/injector/instance-loader.js:40:13
          at async Promise.all (index 1)
      at TestingInstanceLoader.createInstances (../../../node_modules/@nestjs/core/injector/instance-loader.js:39:9)
      at TestingInstanceLoader.createInstancesOfDependencies (../../../node_modules/@nestjs/core/injector/instance-loader.js:22:13)
      at TestingInstanceLoader.createInstancesOfDependencies (../../../node_modules/@nestjs/testing/testing-instance-loader.js:9:9)
      at TestingModuleBuilder.createInstancesOfDependencies (../../../node_modules/@nestjs/testing/testing-module.builder.js:118:9)
      at TestingModuleBuilder.compile (../../../node_modules/@nestjs/testing/testing-module.builder.js:74:9)
      at Object.<anonymous> (modules/auth/auth.service.spec.ts:36:35)

  ● AuthService › forgotPassword › returns generic message when user not found (no email enumeration)

    Nest can't resolve dependencies of the AuthService (AuthRepository, JwtService, ?). Please make sure that the argument EmailService at index [2] is available in the RootTestModule module.

    Potential solutions:
    - Is RootTestModule a valid NestJS module?
    - If EmailService is a provider, is it part of the current RootTestModule?
    - If EmailService is exported from a separate @Module, is that module imported within RootTestModule?
      @Module({
        imports: [ /* the Module containing EmailService */ ]
      })

    For more common dependency resolution issues, see: https://docs.nestjs.com/faq/common-errors

    [0m [90m 34 |[39m     jest[33m.[39mclearAllMocks()[33m;[39m
     [90m 35 |[39m     process[33m.[39menv[33m.[39m[33mNODE_ENV[39m [33m=[39m originalNodeEnv[33m;[39m
    [31m[1m>[22m[39m[90m 36 |[39m     [36mconst[39m module[33m:[39m [33mTestingModule[39m [33m=[39m [36mawait[39m [33mTest[39m[33m.[39mcreateTestingModule({
     [90m    |[39m                                   [31m[1m^[22m[39m
     [90m 37 |[39m       providers[33m:[39m [
     [90m 38 |[39m         [33mAuthService[39m[33m,[39m
     [90m 39 |[39m         { provide[33m:[39m [33mAuthRepository[39m[33m,[39m useValue[33m:[39m mockRepository }[33m,[39m[0m

      at TestingInjector.lookupComponentInParentModules (../../../node_modules/@nestjs/core/injector/injector.js:290:19)
      at TestingInjector.resolveComponentWrapper (../../../node_modules/@nestjs/testing/testing-injector.js:19:45)
      at resolveParam (../../../node_modules/@nestjs/core/injector/injector.js:140:38)
          at async Promise.all (index 2)
      at TestingInjector.resolveConstructorParams (../../../node_modules/@nestjs/core/injector/injector.js:169:27)
      at TestingInjector.loadInstance (../../../node_modules/@nestjs/core/injector/injector.js:75:13)
      at TestingInjector.loadProvider (../../../node_modules/@nestjs/core/injector/injector.js:103:9)
      at ../../../node_modules/@nestjs/core/injector/instance-loader.js:56:13
          at async Promise.all (index 3)
      at TestingInstanceLoader.createInstancesOfProviders (../../../node_modules/@nestjs/core/injector/instance-loader.js:55:9)
      at ../../../node_modules/@nestjs/core/injector/instance-loader.js:40:13
          at async Promise.all (index 1)
      at TestingInstanceLoader.createInstances (../../../node_modules/@nestjs/core/injector/instance-loader.js:39:9)
      at TestingInstanceLoader.createInstancesOfDependencies (../../../node_modules/@nestjs/core/injector/instance-loader.js:22:13)
      at TestingInstanceLoader.createInstancesOfDependencies (../../../node_modules/@nestjs/testing/testing-instance-loader.js:9:9)
      at TestingModuleBuilder.createInstancesOfDependencies (../../../node_modules/@nestjs/testing/testing-module.builder.js:118:9)
      at TestingModuleBuilder.compile (../../../node_modules/@nestjs/testing/testing-module.builder.js:74:9)
      at Object.<anonymous> (modules/auth/auth.service.spec.ts:36:35)

  ● AuthService › forgotPassword › creates reset token and returns dev token in non-production

    Nest can't resolve dependencies of the AuthService (AuthRepository, JwtService, ?). Please make sure that the argument EmailService at index [2] is available in the RootTestModule module.

    Potential solutions:
    - Is RootTestModule a valid NestJS module?
    - If EmailService is a provider, is it part of the current RootTestModule?
    - If EmailService is exported from a separate @Module, is that module imported within RootTestModule?
      @Module({
        imports: [ /* the Module containing EmailService */ ]
      })

    For more common dependency resolution issues, see: https://docs.nestjs.com/faq/common-errors

    [0m [90m 34 |[39m     jest[33m.[39mclearAllMocks()[33m;[39m
     [90m 35 |[39m     process[33m.[39menv[33m.[39m[33mNODE_ENV[39m [33m=[39m originalNodeEnv[33m;[39m
    [31m[1m>[22m[39m[90m 36 |[39m     [36mconst[39m module[33m:[39m [33mTestingModule[39m [33m=[39m [36mawait[39m [33mTest[39m[33m.[39mcreateTestingModule({
     [90m    |[39m                                   [31m[1m^[22m[39m
     [90m 37 |[39m       providers[33m:[39m [
     [90m 38 |[39m         [33mAuthService[39m[33m,[39m
     [90m 39 |[39m         { provide[33m:[39m [33mAuthRepository[39m[33m,[39m useValue[33m:[39m mockRepository }[33m,[39m[0m

      at TestingInjector.lookupComponentInParentModules (../../../node_modules/@nestjs/core/injector/injector.js:290:19)
      at TestingInjector.resolveComponentWrapper (../../../node_modules/@nestjs/testing/testing-injector.js:19:45)
      at resolveParam (../../../node_modules/@nestjs/core/injector/injector.js:140:38)
          at async Promise.all (index 2)
      at TestingInjector.resolveConstructorParams (../../../node_modules/@nestjs/core/injector/injector.js:169:27)
      at TestingInjector.loadInstance (../../../node_modules/@nestjs/core/injector/injector.js:75:13)
      at TestingInjector.loadProvider (../../../node_modules/@nestjs/core/injector/injector.js:103:9)
      at ../../../node_modules/@nestjs/core/injector/instance-loader.js:56:13
          at async Promise.all (index 3)
      at TestingInstanceLoader.createInstancesOfProviders (../../../node_modules/@nestjs/core/injector/instance-loader.js:55:9)
      at ../../../node_modules/@nestjs/core/injector/instance-loader.js:40:13
          at async Promise.all (index 1)
      at TestingInstanceLoader.createInstances (../../../node_modules/@nestjs/core/injector/instance-loader.js:39:9)
      at TestingInstanceLoader.createInstancesOfDependencies (../../../node_modules/@nestjs/core/injector/instance-loader.js:22:13)
      at TestingInstanceLoader.createInstancesOfDependencies (../../../node_modules/@nestjs/testing/testing-instance-loader.js:9:9)
      at TestingModuleBuilder.createInstancesOfDependencies (../../../node_modules/@nestjs/testing/testing-module.builder.js:118:9)
      at TestingModuleBuilder.compile (../../../node_modules/@nestjs/testing/testing-module.builder.js:74:9)
      at Object.<anonymous> (modules/auth/auth.service.spec.ts:36:35)

  ● AuthService › forgotPassword › does not return reset token in production

    Nest can't resolve dependencies of the AuthService (AuthRepository, JwtService, ?). Please make sure that the argument EmailService at index [2] is available in the RootTestModule module.

    Potential solutions:
    - Is RootTestModule a valid NestJS module?
    - If EmailService is a provider, is it part of the current RootTestModule?
    - If EmailService is exported from a separate @Module, is that module imported within RootTestModule?
      @Module({
        imports: [ /* the Module containing EmailService */ ]
      })

    For more common dependency resolution issues, see: https://docs.nestjs.com/faq/common-errors

    [0m [90m 34 |[39m     jest[33m.[39mclearAllMocks()[33m;[39m
     [90m 35 |[39m     process[33m.[39menv[33m.[39m[33mNODE_ENV[39m [33m=[39m originalNodeEnv[33m;[39m
    [31m[1m>[22m[39m[90m 36 |[39m     [36mconst[39m module[33m:[39m [33mTestingModule[39m [33m=[39m [36mawait[39m [33mTest[39m[33m.[39mcreateTestingModule({
     [90m    |[39m                                   [31m[1m^[22m[39m
     [90m 37 |[39m       providers[33m:[39m [
     [90m 38 |[39m         [33mAuthService[39m[33m,[39m
     [90m 39 |[39m         { provide[33m:[39m [33mAuthRepository[39m[33m,[39m useValue[33m:[39m mockRepository }[33m,[39m[0m

      at TestingInjector.lookupComponentInParentModules (../../../node_modules/@nestjs/core/injector/injector.js:290:19)
      at TestingInjector.resolveComponentWrapper (../../../node_modules/@nestjs/testing/testing-injector.js:19:45)
      at resolveParam (../../../node_modules/@nestjs/core/injector/injector.js:140:38)
          at async Promise.all (index 2)
      at TestingInjector.resolveConstructorParams (../../../node_modules/@nestjs/core/injector/injector.js:169:27)
      at TestingInjector.loadInstance (../../../node_modules/@nestjs/core/injector/injector.js:75:13)
      at TestingInjector.loadProvider (../../../node_modules/@nestjs/core/injector/injector.js:103:9)
      at ../../../node_modules/@nestjs/core/injector/instance-loader.js:56:13
          at async Promise.all (index 3)
      at TestingInstanceLoader.createInstancesOfProviders (../../../node_modules/@nestjs/core/injector/instance-loader.js:55:9)
      at ../../../node_modules/@nestjs/core/injector/instance-loader.js:40:13
          at async Promise.all (index 1)
      at TestingInstanceLoader.createInstances (../../../node_modules/@nestjs/core/injector/instance-loader.js:39:9)
      at TestingInstanceLoader.createInstancesOfDependencies (../../../node_modules/@nestjs/core/injector/instance-loader.js:22:13)
      at TestingInstanceLoader.createInstancesOfDependencies (../../../node_modules/@nestjs/testing/testing-instance-loader.js:9:9)
      at TestingModuleBuilder.createInstancesOfDependencies (../../../node_modules/@nestjs/testing/testing-module.builder.js:118:9)
      at TestingModuleBuilder.compile (../../../node_modules/@nestjs/testing/testing-module.builder.js:74:9)
      at Object.<anonymous> (modules/auth/auth.service.spec.ts:36:35)

  ● AuthService › resetPassword › throws BadRequestException if token not found

    Nest can't resolve dependencies of the AuthService (AuthRepository, JwtService, ?). Please make sure that the argument EmailService at index [2] is available in the RootTestModule module.

    Potential solutions:
    - Is RootTestModule a valid NestJS module?
    - If EmailService is a provider, is it part of the current RootTestModule?
    - If EmailService is exported from a separate @Module, is that module imported within RootTestModule?
      @Module({
        imports: [ /* the Module containing EmailService */ ]
      })

    For more common dependency resolution issues, see: https://docs.nestjs.com/faq/common-errors

    [0m [90m 34 |[39m     jest[33m.[39mclearAllMocks()[33m;[39m
     [90m 35 |[39m     process[33m.[39menv[33m.[39m[33mNODE_ENV[39m [33m=[39m originalNodeEnv[33m;[39m
    [31m[1m>[22m[39m[90m 36 |[39m     [36mconst[39m module[33m:[39m [33mTestingModule[39m [33m=[39m [36mawait[39m [33mTest[39m[33m.[39mcreateTestingModule({
     [90m    |[39m                                   [31m[1m^[22m[39m
     [90m 37 |[39m       providers[33m:[39m [
     [90m 38 |[39m         [33mAuthService[39m[33m,[39m
     [90m 39 |[39m         { provide[33m:[39m [33mAuthRepository[39m[33m,[39m useValue[33m:[39m mockRepository }[33m,[39m[0m

      at TestingInjector.lookupComponentInParentModules (../../../node_modules/@nestjs/core/injector/injector.js:290:19)
      at TestingInjector.resolveComponentWrapper (../../../node_modules/@nestjs/testing/testing-injector.js:19:45)
      at resolveParam (../../../node_modules/@nestjs/core/injector/injector.js:140:38)
          at async Promise.all (index 2)
      at TestingInjector.resolveConstructorParams (../../../node_modules/@nestjs/core/injector/injector.js:169:27)
      at TestingInjector.loadInstance (../../../node_modules/@nestjs/core/injector/injector.js:75:13)
      at TestingInjector.loadProvider (../../../node_modules/@nestjs/core/injector/injector.js:103:9)
      at ../../../node_modules/@nestjs/core/injector/instance-loader.js:56:13
          at async Promise.all (index 3)
      at TestingInstanceLoader.createInstancesOfProviders (../../../node_modules/@nestjs/core/injector/instance-loader.js:55:9)
      at ../../../node_modules/@nestjs/core/injector/instance-loader.js:40:13
          at async Promise.all (index 1)
      at TestingInstanceLoader.createInstances (../../../node_modules/@nestjs/core/injector/instance-loader.js:39:9)
      at TestingInstanceLoader.createInstancesOfDependencies (../../../node_modules/@nestjs/core/injector/instance-loader.js:22:13)
      at TestingInstanceLoader.createInstancesOfDependencies (../../../node_modules/@nestjs/testing/testing-instance-loader.js:9:9)
      at TestingModuleBuilder.createInstancesOfDependencies (../../../node_modules/@nestjs/testing/testing-module.builder.js:118:9)
      at TestingModuleBuilder.compile (../../../node_modules/@nestjs/testing/testing-module.builder.js:74:9)
      at Object.<anonymous> (modules/auth/auth.service.spec.ts:36:35)

  ● AuthService › resetPassword › throws BadRequestException if token already used

    Nest can't resolve dependencies of the AuthService (AuthRepository, JwtService, ?). Please make sure that the argument EmailService at index [2] is available in the RootTestModule module.

    Potential solutions:
    - Is RootTestModule a valid NestJS module?
    - If EmailService is a provider, is it part of the current RootTestModule?
    - If EmailService is exported from a separate @Module, is that module imported within RootTestModule?
      @Module({
        imports: [ /* the Module containing EmailService */ ]
      })

    For more common dependency resolution issues, see: https://docs.nestjs.com/faq/common-errors

    [0m [90m 34 |[39m     jest[33m.[39mclearAllMocks()[33m;[39m
     [90m 35 |[39m     process[33m.[39menv[33m.[39m[33mNODE_ENV[39m [33m=[39m originalNodeEnv[33m;[39m
    [31m[1m>[22m[39m[90m 36 |[39m     [36mconst[39m module[33m:[39m [33mTestingModule[39m [33m=[39m [36mawait[39m [33mTest[39m[33m.[39mcreateTestingModule({
     [90m    |[39m                                   [31m[1m^[22m[39m
     [90m 37 |[39m       providers[33m:[39m [
     [90m 38 |[39m         [33mAuthService[39m[33m,[39m
     [90m 39 |[39m         { provide[33m:[39m [33mAuthRepository[39m[33m,[39m useValue[33m:[39m mockRepository }[33m,[39m[0m

      at TestingInjector.lookupComponentInParentModules (../../../node_modules/@nestjs/core/injector/injector.js:290:19)
      at TestingInjector.resolveComponentWrapper (../../../node_modules/@nestjs/testing/testing-injector.js:19:45)
      at resolveParam (../../../node_modules/@nestjs/core/injector/injector.js:140:38)
          at async Promise.all (index 2)
      at TestingInjector.resolveConstructorParams (../../../node_modules/@nestjs/core/injector/injector.js:169:27)
      at TestingInjector.loadInstance (../../../node_modules/@nestjs/core/injector/injector.js:75:13)
      at TestingInjector.loadProvider (../../../node_modules/@nestjs/core/injector/injector.js:103:9)
      at ../../../node_modules/@nestjs/core/injector/instance-loader.js:56:13
          at async Promise.all (index 3)
      at TestingInstanceLoader.createInstancesOfProviders (../../../node_modules/@nestjs/core/injector/instance-loader.js:55:9)
      at ../../../node_modules/@nestjs/core/injector/instance-loader.js:40:13
          at async Promise.all (index 1)
      at TestingInstanceLoader.createInstances (../../../node_modules/@nestjs/core/injector/instance-loader.js:39:9)
      at TestingInstanceLoader.createInstancesOfDependencies (../../../node_modules/@nestjs/core/injector/instance-loader.js:22:13)
      at TestingInstanceLoader.createInstancesOfDependencies (../../../node_modules/@nestjs/testing/testing-instance-loader.js:9:9)
      at TestingModuleBuilder.createInstancesOfDependencies (../../../node_modules/@nestjs/testing/testing-module.builder.js:118:9)
      at TestingModuleBuilder.compile (../../../node_modules/@nestjs/testing/testing-module.builder.js:74:9)
      at Object.<anonymous> (modules/auth/auth.service.spec.ts:36:35)

  ● AuthService › resetPassword › throws BadRequestException if token expired

    Nest can't resolve dependencies of the AuthService (AuthRepository, JwtService, ?). Please make sure that the argument EmailService at index [2] is available in the RootTestModule module.

    Potential solutions:
    - Is RootTestModule a valid NestJS module?
    - If EmailService is a provider, is it part of the current RootTestModule?
    - If EmailService is exported from a separate @Module, is that module imported within RootTestModule?
      @Module({
        imports: [ /* the Module containing EmailService */ ]
      })

    For more common dependency resolution issues, see: https://docs.nestjs.com/faq/common-errors

    [0m [90m 34 |[39m     jest[33m.[39mclearAllMocks()[33m;[39m
     [90m 35 |[39m     process[33m.[39menv[33m.[39m[33mNODE_ENV[39m [33m=[39m originalNodeEnv[33m;[39m
    [31m[1m>[22m[39m[90m 36 |[39m     [36mconst[39m module[33m:[39m [33mTestingModule[39m [33m=[39m [36mawait[39m [33mTest[39m[33m.[39mcreateTestingModule({
     [90m    |[39m                                   [31m[1m^[22m[39m
     [90m 37 |[39m       providers[33m:[39m [
     [90m 38 |[39m         [33mAuthService[39m[33m,[39m
     [90m 39 |[39m         { provide[33m:[39m [33mAuthRepository[39m[33m,[39m useValue[33m:[39m mockRepository }[33m,[39m[0m

      at TestingInjector.lookupComponentInParentModules (../../../node_modules/@nestjs/core/injector/injector.js:290:19)
      at TestingInjector.resolveComponentWrapper (../../../node_modules/@nestjs/testing/testing-injector.js:19:45)
      at resolveParam (../../../node_modules/@nestjs/core/injector/injector.js:140:38)
          at async Promise.all (index 2)
      at TestingInjector.resolveConstructorParams (../../../node_modules/@nestjs/core/injector/injector.js:169:27)
      at TestingInjector.loadInstance (../../../node_modules/@nestjs/core/injector/injector.js:75:13)
      at TestingInjector.loadProvider (../../../node_modules/@nestjs/core/injector/injector.js:103:9)
      at ../../../node_modules/@nestjs/core/injector/instance-loader.js:56:13
          at async Promise.all (index 3)
      at TestingInstanceLoader.createInstancesOfProviders (../../../node_modules/@nestjs/core/injector/instance-loader.js:55:9)
      at ../../../node_modules/@nestjs/core/injector/instance-loader.js:40:13
          at async Promise.all (index 1)
      at TestingInstanceLoader.createInstances (../../../node_modules/@nestjs/core/injector/instance-loader.js:39:9)
      at TestingInstanceLoader.createInstancesOfDependencies (../../../node_modules/@nestjs/core/injector/instance-loader.js:22:13)
      at TestingInstanceLoader.createInstancesOfDependencies (../../../node_modules/@nestjs/testing/testing-instance-loader.js:9:9)
      at TestingModuleBuilder.createInstancesOfDependencies (../../../node_modules/@nestjs/testing/testing-module.builder.js:118:9)
      at TestingModuleBuilder.compile (../../../node_modules/@nestjs/testing/testing-module.builder.js:74:9)
      at Object.<anonymous> (modules/auth/auth.service.spec.ts:36:35)

FAIL modules/campaigns/campaigns.service.spec.ts
  ● CampaignsService › listForBusiness › returns campaigns scoped to businessId

    Nest can't resolve dependencies of the CampaignsService (CampaignsRepository, BranchesRepository, PlansService, AuditService, ?). Please make sure that the argument WhatsAppBspService at index [4] is available in the RootTestModule module.

    Potential solutions:
    - Is RootTestModule a valid NestJS module?
    - If WhatsAppBspService is a provider, is it part of the current RootTestModule?
    - If WhatsAppBspService is exported from a separate @Module, is that module imported within RootTestModule?
      @Module({
        imports: [ /* the Module containing WhatsAppBspService */ ]
      })

    For more common dependency resolution issues, see: https://docs.nestjs.com/faq/common-errors

    [0m [90m 75 |[39m     mockPlansService[33m.[39mgetLimits[33m.[39mmockResolvedValue([33mDEFAULT_LIMITS[39m)[33m;[39m
     [90m 76 |[39m
    [31m[1m>[22m[39m[90m 77 |[39m     [36mconst[39m module[33m:[39m [33mTestingModule[39m [33m=[39m [36mawait[39m [33mTest[39m[33m.[39mcreateTestingModule({
     [90m    |[39m                                   [31m[1m^[22m[39m
     [90m 78 |[39m       providers[33m:[39m [
     [90m 79 |[39m         [33mCampaignsService[39m[33m,[39m
     [90m 80 |[39m         { provide[33m:[39m [33mCampaignsRepository[39m[33m,[39m useValue[33m:[39m mockRepo }[33m,[39m[0m

      at TestingInjector.lookupComponentInParentModules (../../../node_modules/@nestjs/core/injector/injector.js:290:19)
      at TestingInjector.resolveComponentWrapper (../../../node_modules/@nestjs/testing/testing-injector.js:19:45)
      at resolveParam (../../../node_modules/@nestjs/core/injector/injector.js:140:38)
          at async Promise.all (index 4)
      at TestingInjector.resolveConstructorParams (../../../node_modules/@nestjs/core/injector/injector.js:169:27)
      at TestingInjector.loadInstance (../../../node_modules/@nestjs/core/injector/injector.js:75:13)
      at TestingInjector.loadProvider (../../../node_modules/@nestjs/core/injector/injector.js:103:9)
      at ../../../node_modules/@nestjs/core/injector/instance-loader.js:56:13
          at async Promise.all (index 3)
      at TestingInstanceLoader.createInstancesOfProviders (../../../node_modules/@nestjs/core/injector/instance-loader.js:55:9)
      at ../../../node_modules/@nestjs/core/injector/instance-loader.js:40:13
          at async Promise.all (index 1)
      at TestingInstanceLoader.createInstances (../../../node_modules/@nestjs/core/injector/instance-loader.js:39:9)
      at TestingInstanceLoader.createInstancesOfDependencies (../../../node_modules/@nestjs/core/injector/instance-loader.js:22:13)
      at TestingInstanceLoader.createInstancesOfDependencies (../../../node_modules/@nestjs/testing/testing-instance-loader.js:9:9)
      at TestingModuleBuilder.createInstancesOfDependencies (../../../node_modules/@nestjs/testing/testing-module.builder.js:118:9)
      at TestingModuleBuilder.compile (../../../node_modules/@nestjs/testing/testing-module.builder.js:74:9)
      at Object.<anonymous> (modules/campaigns/campaigns.service.spec.ts:77:35)

  ● CampaignsService › listForBusiness › passes status filter when provided

    Nest can't resolve dependencies of the CampaignsService (CampaignsRepository, BranchesRepository, PlansService, AuditService, ?). Please make sure that the argument WhatsAppBspService at index [4] is available in the RootTestModule module.

    Potential solutions:
    - Is RootTestModule a valid NestJS module?
    - If WhatsAppBspService is a provider, is it part of the current RootTestModule?
    - If WhatsAppBspService is exported from a separate @Module, is that module imported within RootTestModule?
      @Module({
        imports: [ /* the Module containing WhatsAppBspService */ ]
      })

    For more common dependency resolution issues, see: https://docs.nestjs.com/faq/common-errors

    [0m [90m 75 |[39m     mockPlansService[33m.[39mgetLimits[33m.[39mmockResolvedValue([33mDEFAULT_LIMITS[39m)[33m;[39m
     [90m 76 |[39m
    [31m[1m>[22m[39m[90m 77 |[39m     [36mconst[39m module[33m:[39m [33mTestingModule[39m [33m=[39m [36mawait[39m [33mTest[39m[33m.[39mcreateTestingModule({
     [90m    |[39m                                   [31m[1m^[22m[39m
     [90m 78 |[39m       providers[33m:[39m [
     [90m 79 |[39m         [33mCampaignsService[39m[33m,[39m
     [90m 80 |[39m         { provide[33m:[39m [33mCampaignsRepository[39m[33m,[39m useValue[33m:[39m mockRepo }[33m,[39m[0m

      at TestingInjector.lookupComponentInParentModules (../../../node_modules/@nestjs/core/injector/injector.js:290:19)
      at TestingInjector.resolveComponentWrapper (../../../node_modules/@nestjs/testing/testing-injector.js:19:45)
      at resolveParam (../../../node_modules/@nestjs/core/injector/injector.js:140:38)
          at async Promise.all (index 4)
      at TestingInjector.resolveConstructorParams (../../../node_modules/@nestjs/core/injector/injector.js:169:27)
      at TestingInjector.loadInstance (../../../node_modules/@nestjs/core/injector/injector.js:75:13)
      at TestingInjector.loadProvider (../../../node_modules/@nestjs/core/injector/injector.js:103:9)
      at ../../../node_modules/@nestjs/core/injector/instance-loader.js:56:13
          at async Promise.all (index 3)
      at TestingInstanceLoader.createInstancesOfProviders (../../../node_modules/@nestjs/core/injector/instance-loader.js:55:9)
      at ../../../node_modules/@nestjs/core/injector/instance-loader.js:40:13
          at async Promise.all (index 1)
      at TestingInstanceLoader.createInstances (../../../node_modules/@nestjs/core/injector/instance-loader.js:39:9)
      at TestingInstanceLoader.createInstancesOfDependencies (../../../node_modules/@nestjs/core/injector/instance-loader.js:22:13)
      at TestingInstanceLoader.createInstancesOfDependencies (../../../node_modules/@nestjs/testing/testing-instance-loader.js:9:9)
      at TestingModuleBuilder.createInstancesOfDependencies (../../../node_modules/@nestjs/testing/testing-module.builder.js:118:9)
      at TestingModuleBuilder.compile (../../../node_modules/@nestjs/testing/testing-module.builder.js:74:9)
      at Object.<anonymous> (modules/campaigns/campaigns.service.spec.ts:77:35)

  ● CampaignsService › findOneScoped › returns campaign when it belongs to the business

    Nest can't resolve dependencies of the CampaignsService (CampaignsRepository, BranchesRepository, PlansService, AuditService, ?). Please make sure that the argument WhatsAppBspService at index [4] is available in the RootTestModule module.

    Potential solutions:
    - Is RootTestModule a valid NestJS module?
    - If WhatsAppBspService is a provider, is it part of the current RootTestModule?
    - If WhatsAppBspService is exported from a separate @Module, is that module imported within RootTestModule?
      @Module({
        imports: [ /* the Module containing WhatsAppBspService */ ]
      })

    For more common dependency resolution issues, see: https://docs.nestjs.com/faq/common-errors

    [0m [90m 75 |[39m     mockPlansService[33m.[39mgetLimits[33m.[39mmockResolvedValue([33mDEFAULT_LIMITS[39m)[33m;[39m
     [90m 76 |[39m
    [31m[1m>[22m[39m[90m 77 |[39m     [36mconst[39m module[33m:[39m [33mTestingModule[39m [33m=[39m [36mawait[39m [33mTest[39m[33m.[39mcreateTestingModule({
     [90m    |[39m                                   [31m[1m^[22m[39m
     [90m 78 |[39m       providers[33m:[39m [
     [90m 79 |[39m         [33mCampaignsService[39m[33m,[39m
     [90m 80 |[39m         { provide[33m:[39m [33mCampaignsRepository[39m[33m,[39m useValue[33m:[39m mockRepo }[33m,[39m[0m

      at TestingInjector.lookupComponentInParentModules (../../../node_modules/@nestjs/core/injector/injector.js:290:19)
      at TestingInjector.resolveComponentWrapper (../../../node_modules/@nestjs/testing/testing-injector.js:19:45)
      at resolveParam (../../../node_modules/@nestjs/core/injector/injector.js:140:38)
          at async Promise.all (index 4)
      at TestingInjector.resolveConstructorParams (../../../node_modules/@nestjs/core/injector/injector.js:169:27)
      at TestingInjector.loadInstance (../../../node_modules/@nestjs/core/injector/injector.js:75:13)
      at TestingInjector.loadProvider (../../../node_modules/@nestjs/core/injector/injector.js:103:9)
      at ../../../node_modules/@nestjs/core/injector/instance-loader.js:56:13
          at async Promise.all (index 3)
      at TestingInstanceLoader.createInstancesOfProviders (../../../node_modules/@nestjs/core/injector/instance-loader.js:55:9)
      at ../../../node_modules/@nestjs/core/injector/instance-loader.js:40:13
          at async Promise.all (index 1)
      at TestingInstanceLoader.createInstances (../../../node_modules/@nestjs/core/injector/instance-loader.js:39:9)
      at TestingInstanceLoader.createInstancesOfDependencies (../../../node_modules/@nestjs/core/injector/instance-loader.js:22:13)
      at TestingInstanceLoader.createInstancesOfDependencies (../../../node_modules/@nestjs/testing/testing-instance-loader.js:9:9)
      at TestingModuleBuilder.createInstancesOfDependencies (../../../node_modules/@nestjs/testing/testing-module.builder.js:118:9)
      at TestingModuleBuilder.compile (../../../node_modules/@nestjs/testing/testing-module.builder.js:74:9)
      at Object.<anonymous> (modules/campaigns/campaigns.service.spec.ts:77:35)

  ● CampaignsService › findOneScoped › throws NotFoundException when campaign not found

    Nest can't resolve dependencies of the CampaignsService (CampaignsRepository, BranchesRepository, PlansService, AuditService, ?). Please make sure that the argument WhatsAppBspService at index [4] is available in the RootTestModule module.

    Potential solutions:
    - Is RootTestModule a valid NestJS module?
    - If WhatsAppBspService is a provider, is it part of the current RootTestModule?
    - If WhatsAppBspService is exported from a separate @Module, is that module imported within RootTestModule?
      @Module({
        imports: [ /* the Module containing WhatsAppBspService */ ]
      })

    For more common dependency resolution issues, see: https://docs.nestjs.com/faq/common-errors

    [0m [90m 75 |[39m     mockPlansService[33m.[39mgetLimits[33m.[39mmockResolvedValue([33mDEFAULT_LIMITS[39m)[33m;[39m
     [90m 76 |[39m
    [31m[1m>[22m[39m[90m 77 |[39m     [36mconst[39m module[33m:[39m [33mTestingModule[39m [33m=[39m [36mawait[39m [33mTest[39m[33m.[39mcreateTestingModule({
     [90m    |[39m                                   [31m[1m^[22m[39m
     [90m 78 |[39m       providers[33m:[39m [
     [90m 79 |[39m         [33mCampaignsService[39m[33m,[39m
     [90m 80 |[39m         { provide[33m:[39m [33mCampaignsRepository[39m[33m,[39m useValue[33m:[39m mockRepo }[33m,[39m[0m

      at TestingInjector.lookupComponentInParentModules (../../../node_modules/@nestjs/core/injector/injector.js:290:19)
      at TestingInjector.resolveComponentWrapper (../../../node_modules/@nestjs/testing/testing-injector.js:19:45)
      at resolveParam (../../../node_modules/@nestjs/core/injector/injector.js:140:38)
          at async Promise.all (index 4)
      at TestingInjector.resolveConstructorParams (../../../node_modules/@nestjs/core/injector/injector.js:169:27)
      at TestingInjector.loadInstance (../../../node_modules/@nestjs/core/injector/injector.js:75:13)
      at TestingInjector.loadProvider (../../../node_modules/@nestjs/core/injector/injector.js:103:9)
      at ../../../node_modules/@nestjs/core/injector/instance-loader.js:56:13
          at async Promise.all (index 3)
      at TestingInstanceLoader.createInstancesOfProviders (../../../node_modules/@nestjs/core/injector/instance-loader.js:55:9)
      at ../../../node_modules/@nestjs/core/injector/instance-loader.js:40:13
          at async Promise.all (index 1)
      at TestingInstanceLoader.createInstances (../../../node_modules/@nestjs/core/injector/instance-loader.js:39:9)
      at TestingInstanceLoader.createInstancesOfDependencies (../../../node_modules/@nestjs/core/injector/instance-loader.js:22:13)
      at TestingInstanceLoader.createInstancesOfDependencies (../../../node_modules/@nestjs/testing/testing-instance-loader.js:9:9)
      at TestingModuleBuilder.createInstancesOfDependencies (../../../node_modules/@nestjs/testing/testing-module.builder.js:118:9)
      at TestingModuleBuilder.compile (../../../node_modules/@nestjs/testing/testing-module.builder.js:74:9)
      at Object.<anonymous> (modules/campaigns/campaigns.service.spec.ts:77:35)

  ● CampaignsService › create › creates campaign when under limit and slug available

    Nest can't resolve dependencies of the CampaignsService (CampaignsRepository, BranchesRepository, PlansService, AuditService, ?). Please make sure that the argument WhatsAppBspService at index [4] is available in the RootTestModule module.

    Potential solutions:
    - Is RootTestModule a valid NestJS module?
    - If WhatsAppBspService is a provider, is it part of the current RootTestModule?
    - If WhatsAppBspService is exported from a separate @Module, is that module imported within RootTestModule?
      @Module({
        imports: [ /* the Module containing WhatsAppBspService */ ]
      })

    For more common dependency resolution issues, see: https://docs.nestjs.com/faq/common-errors

    [0m [90m 75 |[39m     mockPlansService[33m.[39mgetLimits[33m.[39mmockResolvedValue([33mDEFAULT_LIMITS[39m)[33m;[39m
     [90m 76 |[39m
    [31m[1m>[22m[39m[90m 77 |[39m     [36mconst[39m module[33m:[39m [33mTestingModule[39m [33m=[39m [36mawait[39m [33mTest[39m[33m.[39mcreateTestingModule({
     [90m    |[39m                                   [31m[1m^[22m[39m
     [90m 78 |[39m       providers[33m:[39m [
     [90m 79 |[39m         [33mCampaignsService[39m[33m,[39m
     [90m 80 |[39m         { provide[33m:[39m [33mCampaignsRepository[39m[33m,[39m useValue[33m:[39m mockRepo }[33m,[39m[0m

      at TestingInjector.lookupComponentInParentModules (../../../node_modules/@nestjs/core/injector/injector.js:290:19)
      at TestingInjector.resolveComponentWrapper (../../../node_modules/@nestjs/testing/testing-injector.js:19:45)
      at resolveParam (../../../node_modules/@nestjs/core/injector/injector.js:140:38)
          at async Promise.all (index 4)
      at TestingInjector.resolveConstructorParams (../../../node_modules/@nestjs/core/injector/injector.js:169:27)
      at TestingInjector.loadInstance (../../../node_modules/@nestjs/core/injector/injector.js:75:13)
      at TestingInjector.loadProvider (../../../node_modules/@nestjs/core/injector/injector.js:103:9)
      at ../../../node_modules/@nestjs/core/injector/instance-loader.js:56:13
          at async Promise.all (index 3)
      at TestingInstanceLoader.createInstancesOfProviders (../../../node_modules/@nestjs/core/injector/instance-loader.js:55:9)
      at ../../../node_modules/@nestjs/core/injector/instance-loader.js:40:13
          at async Promise.all (index 1)
      at TestingInstanceLoader.createInstances (../../../node_modules/@nestjs/core/injector/instance-loader.js:39:9)
      at TestingInstanceLoader.createInstancesOfDependencies (../../../node_modules/@nestjs/core/injector/instance-loader.js:22:13)
      at TestingInstanceLoader.createInstancesOfDependencies (../../../node_modules/@nestjs/testing/testing-instance-loader.js:9:9)
      at TestingModuleBuilder.createInstancesOfDependencies (../../../node_modules/@nestjs/testing/testing-module.builder.js:118:9)
      at TestingModuleBuilder.compile (../../../node_modules/@nestjs/testing/testing-module.builder.js:74:9)
      at Object.<anonymous> (modules/campaigns/campaigns.service.spec.ts:77:35)

  ● CampaignsService › create › throws ForbiddenException when campaign limit reached

    Nest can't resolve dependencies of the CampaignsService (CampaignsRepository, BranchesRepository, PlansService, AuditService, ?). Please make sure that the argument WhatsAppBspService at index [4] is available in the RootTestModule module.

    Potential solutions:
    - Is RootTestModule a valid NestJS module?
    - If WhatsAppBspService is a provider, is it part of the current RootTestModule?
    - If WhatsAppBspService is exported from a separate @Module, is that module imported within RootTestModule?
      @Module({
        imports: [ /* the Module containing WhatsAppBspService */ ]
      })

    For more common dependency resolution issues, see: https://docs.nestjs.com/faq/common-errors

    [0m [90m 75 |[39m     mockPlansService[33m.[39mgetLimits[33m.[39mmockResolvedValue([33mDEFAULT_LIMITS[39m)[33m;[39m
     [90m 76 |[39m
    [31m[1m>[22m[39m[90m 77 |[39m     [36mconst[39m module[33m:[39m [33mTestingModule[39m [33m=[39m [36mawait[39m [33mTest[39m[33m.[39mcreateTestingModule({
     [90m    |[39m                                   [31m[1m^[22m[39m
     [90m 78 |[39m       providers[33m:[39m [
     [90m 79 |[39m         [33mCampaignsService[39m[33m,[39m
     [90m 80 |[39m         { provide[33m:[39m [33mCampaignsRepository[39m[33m,[39m useValue[33m:[39m mockRepo }[33m,[39m[0m

      at TestingInjector.lookupComponentInParentModules (../../../node_modules/@nestjs/core/injector/injector.js:290:19)
      at TestingInjector.resolveComponentWrapper (../../../node_modules/@nestjs/testing/testing-injector.js:19:45)
      at resolveParam (../../../node_modules/@nestjs/core/injector/injector.js:140:38)
          at async Promise.all (index 4)
      at TestingInjector.resolveConstructorParams (../../../node_modules/@nestjs/core/injector/injector.js:169:27)
      at TestingInjector.loadInstance (../../../node_modules/@nestjs/core/injector/injector.js:75:13)
      at TestingInjector.loadProvider (../../../node_modules/@nestjs/core/injector/injector.js:103:9)
      at ../../../node_modules/@nestjs/core/injector/instance-loader.js:56:13
          at async Promise.all (index 3)
      at TestingInstanceLoader.createInstancesOfProviders (../../../node_modules/@nestjs/core/injector/instance-loader.js:55:9)
      at ../../../node_modules/@nestjs/core/injector/instance-loader.js:40:13
          at async Promise.all (index 1)
      at TestingInstanceLoader.createInstances (../../../node_modules/@nestjs/core/injector/instance-loader.js:39:9)
      at TestingInstanceLoader.createInstancesOfDependencies (../../../node_modules/@nestjs/core/injector/instance-loader.js:22:13)
      at TestingInstanceLoader.createInstancesOfDependencies (../../../node_modules/@nestjs/testing/testing-instance-loader.js:9:9)
      at TestingModuleBuilder.createInstancesOfDependencies (../../../node_modules/@nestjs/testing/testing-module.builder.js:118:9)
      at TestingModuleBuilder.compile (../../../node_modules/@nestjs/testing/testing-module.builder.js:74:9)
      at Object.<anonymous> (modules/campaigns/campaigns.service.spec.ts:77:35)

  ● CampaignsService › create › throws ConflictException when slug taken

    Nest can't resolve dependencies of the CampaignsService (CampaignsRepository, BranchesRepository, PlansService, AuditService, ?). Please make sure that the argument WhatsAppBspService at index [4] is available in the RootTestModule module.

    Potential solutions:
    - Is RootTestModule a valid NestJS module?
    - If WhatsAppBspService is a provider, is it part of the current RootTestModule?
    - If WhatsAppBspService is exported from a separate @Module, is that module imported within RootTestModule?
      @Module({
        imports: [ /* the Module containing WhatsAppBspService */ ]
      })

    For more common dependency resolution issues, see: https://docs.nestjs.com/faq/common-errors

    [0m [90m 75 |[39m     mockPlansService[33m.[39mgetLimits[33m.[39mmockResolvedValue([33mDEFAULT_LIMITS[39m)[33m;[39m
     [90m 76 |[39m
    [31m[1m>[22m[39m[90m 77 |[39m     [36mconst[39m module[33m:[39m [33mTestingModule[39m [33m=[39m [36mawait[39m [33mTest[39m[33m.[39mcreateTestingModule({
     [90m    |[39m                                   [31m[1m^[22m[39m
     [90m 78 |[39m       providers[33m:[39m [
     [90m 79 |[39m         [33mCampaignsService[39m[33m,[39m
     [90m 80 |[39m         { provide[33m:[39m [33mCampaignsRepository[39m[33m,[39m useValue[33m:[39m mockRepo }[33m,[39m[0m

      at TestingInjector.lookupComponentInParentModules (../../../node_modules/@nestjs/core/injector/injector.js:290:19)
      at TestingInjector.resolveComponentWrapper (../../../node_modules/@nestjs/testing/testing-injector.js:19:45)
      at resolveParam (../../../node_modules/@nestjs/core/injector/injector.js:140:38)
          at async Promise.all (index 4)
      at TestingInjector.resolveConstructorParams (../../../node_modules/@nestjs/core/injector/injector.js:169:27)
      at TestingInjector.loadInstance (../../../node_modules/@nestjs/core/injector/injector.js:75:13)
      at TestingInjector.loadProvider (../../../node_modules/@nestjs/core/injector/injector.js:103:9)
      at ../../../node_modules/@nestjs/core/injector/instance-loader.js:56:13
          at async Promise.all (index 3)
      at TestingInstanceLoader.createInstancesOfProviders (../../../node_modules/@nestjs/core/injector/instance-loader.js:55:9)
      at ../../../node_modules/@nestjs/core/injector/instance-loader.js:40:13
          at async Promise.all (index 1)
      at TestingInstanceLoader.createInstances (../../../node_modules/@nestjs/core/injector/instance-loader.js:39:9)
      at TestingInstanceLoader.createInstancesOfDependencies (../../../node_modules/@nestjs/core/injector/instance-loader.js:22:13)
      at TestingInstanceLoader.createInstancesOfDependencies (../../../node_modules/@nestjs/testing/testing-instance-loader.js:9:9)
      at TestingModuleBuilder.createInstancesOfDependencies (../../../node_modules/@nestjs/testing/testing-module.builder.js:118:9)
      at TestingModuleBuilder.compile (../../../node_modules/@nestjs/testing/testing-module.builder.js:74:9)
      at Object.<anonymous> (modules/campaigns/campaigns.service.spec.ts:77:35)

  ● CampaignsService › create › validates branchId belongs to business

    Nest can't resolve dependencies of the CampaignsService (CampaignsRepository, BranchesRepository, PlansService, AuditService, ?). Please make sure that the argument WhatsAppBspService at index [4] is available in the RootTestModule module.

    Potential solutions:
    - Is RootTestModule a valid NestJS module?
    - If WhatsAppBspService is a provider, is it part of the current RootTestModule?
    - If WhatsAppBspService is exported from a separate @Module, is that module imported within RootTestModule?
      @Module({
        imports: [ /* the Module containing WhatsAppBspService */ ]
      })

    For more common dependency resolution issues, see: https://docs.nestjs.com/faq/common-errors

    [0m [90m 75 |[39m     mockPlansService[33m.[39mgetLimits[33m.[39mmockResolvedValue([33mDEFAULT_LIMITS[39m)[33m;[39m
     [90m 76 |[39m
    [31m[1m>[22m[39m[90m 77 |[39m     [36mconst[39m module[33m:[39m [33mTestingModule[39m [33m=[39m [36mawait[39m [33mTest[39m[33m.[39mcreateTestingModule({
     [90m    |[39m                                   [31m[1m^[22m[39m
     [90m 78 |[39m       providers[33m:[39m [
     [90m 79 |[39m         [33mCampaignsService[39m[33m,[39m
     [90m 80 |[39m         { provide[33m:[39m [33mCampaignsRepository[39m[33m,[39m useValue[33m:[39m mockRepo }[33m,[39m[0m

      at TestingInjector.lookupComponentInParentModules (../../../node_modules/@nestjs/core/injector/injector.js:290:19)
      at TestingInjector.resolveComponentWrapper (../../../node_modules/@nestjs/testing/testing-injector.js:19:45)
      at resolveParam (../../../node_modules/@nestjs/core/injector/injector.js:140:38)
          at async Promise.all (index 4)
      at TestingInjector.resolveConstructorParams (../../../node_modules/@nestjs/core/injector/injector.js:169:27)
      at TestingInjector.loadInstance (../../../node_modules/@nestjs/core/injector/injector.js:75:13)
      at TestingInjector.loadProvider (../../../node_modules/@nestjs/core/injector/injector.js:103:9)
      at ../../../node_modules/@nestjs/core/injector/instance-loader.js:56:13
          at async Promise.all (index 3)
      at TestingInstanceLoader.createInstancesOfProviders (../../../node_modules/@nestjs/core/injector/instance-loader.js:55:9)
      at ../../../node_modules/@nestjs/core/injector/instance-loader.js:40:13
          at async Promise.all (index 1)
      at TestingInstanceLoader.createInstances (../../../node_modules/@nestjs/core/injector/instance-loader.js:39:9)
      at TestingInstanceLoader.createInstancesOfDependencies (../../../node_modules/@nestjs/core/injector/instance-loader.js:22:13)
      at TestingInstanceLoader.createInstancesOfDependencies (../../../node_modules/@nestjs/testing/testing-instance-loader.js:9:9)
      at TestingModuleBuilder.createInstancesOfDependencies (../../../node_modules/@nestjs/testing/testing-module.builder.js:118:9)
      at TestingModuleBuilder.compile (../../../node_modules/@nestjs/testing/testing-module.builder.js:74:9)
      at Object.<anonymous> (modules/campaigns/campaigns.service.spec.ts:77:35)

  ● CampaignsService › create › allows branchId when it belongs to business

    Nest can't resolve dependencies of the CampaignsService (CampaignsRepository, BranchesRepository, PlansService, AuditService, ?). Please make sure that the argument WhatsAppBspService at index [4] is available in the RootTestModule module.

    Potential solutions:
    - Is RootTestModule a valid NestJS module?
    - If WhatsAppBspService is a provider, is it part of the current RootTestModule?
    - If WhatsAppBspService is exported from a separate @Module, is that module imported within RootTestModule?
      @Module({
        imports: [ /* the Module containing WhatsAppBspService */ ]
      })

    For more common dependency resolution issues, see: https://docs.nestjs.com/faq/common-errors

    [0m [90m 75 |[39m     mockPlansService[33m.[39mgetLimits[33m.[39mmockResolvedValue([33mDEFAULT_LIMITS[39m)[33m;[39m
     [90m 76 |[39m
    [31m[1m>[22m[39m[90m 77 |[39m     [36mconst[39m module[33m:[39m [33mTestingModule[39m [33m=[39m [36mawait[39m [33mTest[39m[33m.[39mcreateTestingModule({
     [90m    |[39m                                   [31m[1m^[22m[39m
     [90m 78 |[39m       providers[33m:[39m [
     [90m 79 |[39m         [33mCampaignsService[39m[33m,[39m
     [90m 80 |[39m         { provide[33m:[39m [33mCampaignsRepository[39m[33m,[39m useValue[33m:[39m mockRepo }[33m,[39m[0m

      at TestingInjector.lookupComponentInParentModules (../../../node_modules/@nestjs/core/injector/injector.js:290:19)
      at TestingInjector.resolveComponentWrapper (../../../node_modules/@nestjs/testing/testing-injector.js:19:45)
      at resolveParam (../../../node_modules/@nestjs/core/injector/injector.js:140:38)
          at async Promise.all (index 4)
      at TestingInjector.resolveConstructorParams (../../../node_modules/@nestjs/core/injector/injector.js:169:27)
      at TestingInjector.loadInstance (../../../node_modules/@nestjs/core/injector/injector.js:75:13)
      at TestingInjector.loadProvider (../../../node_modules/@nestjs/core/injector/injector.js:103:9)
      at ../../../node_modules/@nestjs/core/injector/instance-loader.js:56:13
          at async Promise.all (index 3)
      at TestingInstanceLoader.createInstancesOfProviders (../../../node_modules/@nestjs/core/injector/instance-loader.js:55:9)
      at ../../../node_modules/@nestjs/core/injector/instance-loader.js:40:13
          at async Promise.all (index 1)
      at TestingInstanceLoader.createInstances (../../../node_modules/@nestjs/core/injector/instance-loader.js:39:9)
      at TestingInstanceLoader.createInstancesOfDependencies (../../../node_modules/@nestjs/core/injector/instance-loader.js:22:13)
      at TestingInstanceLoader.createInstancesOfDependencies (../../../node_modules/@nestjs/testing/testing-instance-loader.js:9:9)
      at TestingModuleBuilder.createInstancesOfDependencies (../../../node_modules/@nestjs/testing/testing-module.builder.js:118:9)
      at TestingModuleBuilder.compile (../../../node_modules/@nestjs/testing/testing-module.builder.js:74:9)
      at Object.<anonymous> (modules/campaigns/campaigns.service.spec.ts:77:35)

  ● CampaignsService › create › throws BadRequestException when endsAt before startsAt

    Nest can't resolve dependencies of the CampaignsService (CampaignsRepository, BranchesRepository, PlansService, AuditService, ?). Please make sure that the argument WhatsAppBspService at index [4] is available in the RootTestModule module.

    Potential solutions:
    - Is RootTestModule a valid NestJS module?
    - If WhatsAppBspService is a provider, is it part of the current RootTestModule?
    - If WhatsAppBspService is exported from a separate @Module, is that module imported within RootTestModule?
      @Module({
        imports: [ /* the Module containing WhatsAppBspService */ ]
      })

    For more common dependency resolution issues, see: https://docs.nestjs.com/faq/common-errors

    [0m [90m 75 |[39m     mockPlansService[33m.[39mgetLimits[33m.[39mmockResolvedValue([33mDEFAULT_LIMITS[39m)[33m;[39m
     [90m 76 |[39m
    [31m[1m>[22m[39m[90m 77 |[39m     [36mconst[39m module[33m:[39m [33mTestingModule[39m [33m=[39m [36mawait[39m [33mTest[39m[33m.[39mcreateTestingModule({
     [90m    |[39m                                   [31m[1m^[22m[39m
     [90m 78 |[39m       providers[33m:[39m [
     [90m 79 |[39m         [33mCampaignsService[39m[33m,[39m
     [90m 80 |[39m         { provide[33m:[39m [33mCampaignsRepository[39m[33m,[39m useValue[33m:[39m mockRepo }[33m,[39m[0m

      at TestingInjector.lookupComponentInParentModules (../../../node_modules/@nestjs/core/injector/injector.js:290:19)
      at TestingInjector.resolveComponentWrapper (../../../node_modules/@nestjs/testing/testing-injector.js:19:45)
      at resolveParam (../../../node_modules/@nestjs/core/injector/injector.js:140:38)
          at async Promise.all (index 4)
      at TestingInjector.resolveConstructorParams (../../../node_modules/@nestjs/core/injector/injector.js:169:27)
      at TestingInjector.loadInstance (../../../node_modules/@nestjs/core/injector/injector.js:75:13)
      at TestingInjector.loadProvider (../../../node_modules/@nestjs/core/injector/injector.js:103:9)
      at ../../../node_modules/@nestjs/core/injector/instance-loader.js:56:13
          at async Promise.all (index 3)
      at TestingInstanceLoader.createInstancesOfProviders (../../../node_modules/@nestjs/core/injector/instance-loader.js:55:9)
      at ../../../node_modules/@nestjs/core/injector/instance-loader.js:40:13
          at async Promise.all (index 1)
      at TestingInstanceLoader.createInstances (../../../node_modules/@nestjs/core/injector/instance-loader.js:39:9)
      at TestingInstanceLoader.createInstancesOfDependencies (../../../node_modules/@nestjs/core/injector/instance-loader.js:22:13)
      at TestingInstanceLoader.createInstancesOfDependencies (../../../node_modules/@nestjs/testing/testing-instance-loader.js:9:9)
      at TestingModuleBuilder.createInstancesOfDependencies (../../../node_modules/@nestjs/testing/testing-module.builder.js:118:9)
      at TestingModuleBuilder.compile (../../../node_modules/@nestjs/testing/testing-module.builder.js:74:9)
      at Object.<anonymous> (modules/campaigns/campaigns.service.spec.ts:77:35)

  ● CampaignsService › create › throws BadRequestException when GOOGLE_REVIEW without destinationUrl

    Nest can't resolve dependencies of the CampaignsService (CampaignsRepository, BranchesRepository, PlansService, AuditService, ?). Please make sure that the argument WhatsAppBspService at index [4] is available in the RootTestModule module.

    Potential solutions:
    - Is RootTestModule a valid NestJS module?
    - If WhatsAppBspService is a provider, is it part of the current RootTestModule?
    - If WhatsAppBspService is exported from a separate @Module, is that module imported within RootTestModule?
      @Module({
        imports: [ /* the Module containing WhatsAppBspService */ ]
      })

    For more common dependency resolution issues, see: https://docs.nestjs.com/faq/common-errors

    [0m [90m 75 |[39m     mockPlansService[33m.[39mgetLimits[33m.[39mmockResolvedValue([33mDEFAULT_LIMITS[39m)[33m;[39m
     [90m 76 |[39m
    [31m[1m>[22m[39m[90m 77 |[39m     [36mconst[39m module[33m:[39m [33mTestingModule[39m [33m=[39m [36mawait[39m [33mTest[39m[33m.[39mcreateTestingModule({
     [90m    |[39m                                   [31m[1m^[22m[39m
     [90m 78 |[39m       providers[33m:[39m [
     [90m 79 |[39m         [33mCampaignsService[39m[33m,[39m
     [90m 80 |[39m         { provide[33m:[39m [33mCampaignsRepository[39m[33m,[39m useValue[33m:[39m mockRepo }[33m,[39m[0m

      at TestingInjector.lookupComponentInParentModules (../../../node_modules/@nestjs/core/injector/injector.js:290:19)
      at TestingInjector.resolveComponentWrapper (../../../node_modules/@nestjs/testing/testing-injector.js:19:45)
      at resolveParam (../../../node_modules/@nestjs/core/injector/injector.js:140:38)
          at async Promise.all (index 4)
      at TestingInjector.resolveConstructorParams (../../../node_modules/@nestjs/core/injector/injector.js:169:27)
      at TestingInjector.loadInstance (../../../node_modules/@nestjs/core/injector/injector.js:75:13)
      at TestingInjector.loadProvider (../../../node_modules/@nestjs/core/injector/injector.js:103:9)
      at ../../../node_modules/@nestjs/core/injector/instance-loader.js:56:13
          at async Promise.all (index 3)
      at TestingInstanceLoader.createInstancesOfProviders (../../../node_modules/@nestjs/core/injector/instance-loader.js:55:9)
      at ../../../node_modules/@nestjs/core/injector/instance-loader.js:40:13
          at async Promise.all (index 1)
      at TestingInstanceLoader.createInstances (../../../node_modules/@nestjs/core/injector/instance-loader.js:39:9)
      at TestingInstanceLoader.createInstancesOfDependencies (../../../node_modules/@nestjs/core/injector/instance-loader.js:22:13)
      at TestingInstanceLoader.createInstancesOfDependencies (../../../node_modules/@nestjs/testing/testing-instance-loader.js:9:9)
      at TestingModuleBuilder.createInstancesOfDependencies (../../../node_modules/@nestjs/testing/testing-module.builder.js:118:9)
      at TestingModuleBuilder.compile (../../../node_modules/@nestjs/testing/testing-module.builder.js:74:9)
      at Object.<anonymous> (modules/campaigns/campaigns.service.spec.ts:77:35)

  ● CampaignsService › create › allows LANDING_ONLY without destinationUrl

    Nest can't resolve dependencies of the CampaignsService (CampaignsRepository, BranchesRepository, PlansService, AuditService, ?). Please make sure that the argument WhatsAppBspService at index [4] is available in the RootTestModule module.

    Potential solutions:
    - Is RootTestModule a valid NestJS module?
    - If WhatsAppBspService is a provider, is it part of the current RootTestModule?
    - If WhatsAppBspService is exported from a separate @Module, is that module imported within RootTestModule?
      @Module({
        imports: [ /* the Module containing WhatsAppBspService */ ]
      })

    For more common dependency resolution issues, see: https://docs.nestjs.com/faq/common-errors

    [0m [90m 75 |[39m     mockPlansService[33m.[39mgetLimits[33m.[39mmockResolvedValue([33mDEFAULT_LIMITS[39m)[33m;[39m
     [90m 76 |[39m
    [31m[1m>[22m[39m[90m 77 |[39m     [36mconst[39m module[33m:[39m [33mTestingModule[39m [33m=[39m [36mawait[39m [33mTest[39m[33m.[39mcreateTestingModule({
     [90m    |[39m                                   [31m[1m^[22m[39m
     [90m 78 |[39m       providers[33m:[39m [
     [90m 79 |[39m         [33mCampaignsService[39m[33m,[39m
     [90m 80 |[39m         { provide[33m:[39m [33mCampaignsRepository[39m[33m,[39m useValue[33m:[39m mockRepo }[33m,[39m[0m

      at TestingInjector.lookupComponentInParentModules (../../../node_modules/@nestjs/core/injector/injector.js:290:19)
      at TestingInjector.resolveComponentWrapper (../../../node_modules/@nestjs/testing/testing-injector.js:19:45)
      at resolveParam (../../../node_modules/@nestjs/core/injector/injector.js:140:38)
          at async Promise.all (index 4)
      at TestingInjector.resolveConstructorParams (../../../node_modules/@nestjs/core/injector/injector.js:169:27)
      at TestingInjector.loadInstance (../../../node_modules/@nestjs/core/injector/injector.js:75:13)
      at TestingInjector.loadProvider (../../../node_modules/@nestjs/core/injector/injector.js:103:9)
      at ../../../node_modules/@nestjs/core/injector/instance-loader.js:56:13
          at async Promise.all (index 3)
      at TestingInstanceLoader.createInstancesOfProviders (../../../node_modules/@nestjs/core/injector/instance-loader.js:55:9)
      at ../../../node_modules/@nestjs/core/injector/instance-loader.js:40:13
          at async Promise.all (index 1)
      at TestingInstanceLoader.createInstances (../../../node_modules/@nestjs/core/injector/instance-loader.js:39:9)
      at TestingInstanceLoader.createInstancesOfDependencies (../../../node_modules/@nestjs/core/injector/instance-loader.js:22:13)
      at TestingInstanceLoader.createInstancesOfDependencies (../../../node_modules/@nestjs/testing/testing-instance-loader.js:9:9)
      at TestingModuleBuilder.createInstancesOfDependencies (../../../node_modules/@nestjs/testing/testing-module.builder.js:118:9)
      at TestingModuleBuilder.compile (../../../node_modules/@nestjs/testing/testing-module.builder.js:74:9)
      at Object.<anonymous> (modules/campaigns/campaigns.service.spec.ts:77:35)

  ● CampaignsService › update › throws NotFoundException when campaign not found

    Nest can't resolve dependencies of the CampaignsService (CampaignsRepository, BranchesRepository, PlansService, AuditService, ?). Please make sure that the argument WhatsAppBspService at index [4] is available in the RootTestModule module.

    Potential solutions:
    - Is RootTestModule a valid NestJS module?
    - If WhatsAppBspService is a provider, is it part of the current RootTestModule?
    - If WhatsAppBspService is exported from a separate @Module, is that module imported within RootTestModule?
      @Module({
        imports: [ /* the Module containing WhatsAppBspService */ ]
      })

    For more common dependency resolution issues, see: https://docs.nestjs.com/faq/common-errors

    [0m [90m 75 |[39m     mockPlansService[33m.[39mgetLimits[33m.[39mmockResolvedValue([33mDEFAULT_LIMITS[39m)[33m;[39m
     [90m 76 |[39m
    [31m[1m>[22m[39m[90m 77 |[39m     [36mconst[39m module[33m:[39m [33mTestingModule[39m [33m=[39m [36mawait[39m [33mTest[39m[33m.[39mcreateTestingModule({
     [90m    |[39m                                   [31m[1m^[22m[39m
     [90m 78 |[39m       providers[33m:[39m [
     [90m 79 |[39m         [33mCampaignsService[39m[33m,[39m
     [90m 80 |[39m         { provide[33m:[39m [33mCampaignsRepository[39m[33m,[39m useValue[33m:[39m mockRepo }[33m,[39m[0m

      at TestingInjector.lookupComponentInParentModules (../../../node_modules/@nestjs/core/injector/injector.js:290:19)
      at TestingInjector.resolveComponentWrapper (../../../node_modules/@nestjs/testing/testing-injector.js:19:45)
      at resolveParam (../../../node_modules/@nestjs/core/injector/injector.js:140:38)
          at async Promise.all (index 4)
      at TestingInjector.resolveConstructorParams (../../../node_modules/@nestjs/core/injector/injector.js:169:27)
      at TestingInjector.loadInstance (../../../node_modules/@nestjs/core/injector/injector.js:75:13)
      at TestingInjector.loadProvider (../../../node_modules/@nestjs/core/injector/injector.js:103:9)
      at ../../../node_modules/@nestjs/core/injector/instance-loader.js:56:13
          at async Promise.all (index 3)
      at TestingInstanceLoader.createInstancesOfProviders (../../../node_modules/@nestjs/core/injector/instance-loader.js:55:9)
      at ../../../node_modules/@nestjs/core/injector/instance-loader.js:40:13
          at async Promise.all (index 1)
      at TestingInstanceLoader.createInstances (../../../node_modules/@nestjs/core/injector/instance-loader.js:39:9)
      at TestingInstanceLoader.createInstancesOfDependencies (../../../node_modules/@nestjs/core/injector/instance-loader.js:22:13)
      at TestingInstanceLoader.createInstancesOfDependencies (../../../node_modules/@nestjs/testing/testing-instance-loader.js:9:9)
      at TestingModuleBuilder.createInstancesOfDependencies (../../../node_modules/@nestjs/testing/testing-module.builder.js:118:9)
      at TestingModuleBuilder.compile (../../../node_modules/@nestjs/testing/testing-module.builder.js:74:9)
      at Object.<anonymous> (modules/campaigns/campaigns.service.spec.ts:77:35)

  ● CampaignsService › update › updates campaign when it exists

    Nest can't resolve dependencies of the CampaignsService (CampaignsRepository, BranchesRepository, PlansService, AuditService, ?). Please make sure that the argument WhatsAppBspService at index [4] is available in the RootTestModule module.

    Potential solutions:
    - Is RootTestModule a valid NestJS module?
    - If WhatsAppBspService is a provider, is it part of the current RootTestModule?
    - If WhatsAppBspService is exported from a separate @Module, is that module imported within RootTestModule?
      @Module({
        imports: [ /* the Module containing WhatsAppBspService */ ]
      })

    For more common dependency resolution issues, see: https://docs.nestjs.com/faq/common-errors

    [0m [90m 75 |[39m     mockPlansService[33m.[39mgetLimits[33m.[39mmockResolvedValue([33mDEFAULT_LIMITS[39m)[33m;[39m
     [90m 76 |[39m
    [31m[1m>[22m[39m[90m 77 |[39m     [36mconst[39m module[33m:[39m [33mTestingModule[39m [33m=[39m [36mawait[39m [33mTest[39m[33m.[39mcreateTestingModule({
     [90m    |[39m                                   [31m[1m^[22m[39m
     [90m 78 |[39m       providers[33m:[39m [
     [90m 79 |[39m         [33mCampaignsService[39m[33m,[39m
     [90m 80 |[39m         { provide[33m:[39m [33mCampaignsRepository[39m[33m,[39m useValue[33m:[39m mockRepo }[33m,[39m[0m

      at TestingInjector.lookupComponentInParentModules (../../../node_modules/@nestjs/core/injector/injector.js:290:19)
      at TestingInjector.resolveComponentWrapper (../../../node_modules/@nestjs/testing/testing-injector.js:19:45)
      at resolveParam (../../../node_modules/@nestjs/core/injector/injector.js:140:38)
          at async Promise.all (index 4)
      at TestingInjector.resolveConstructorParams (../../../node_modules/@nestjs/core/injector/injector.js:169:27)
      at TestingInjector.loadInstance (../../../node_modules/@nestjs/core/injector/injector.js:75:13)
      at TestingInjector.loadProvider (../../../node_modules/@nestjs/core/injector/injector.js:103:9)
      at ../../../node_modules/@nestjs/core/injector/instance-loader.js:56:13
          at async Promise.all (index 3)
      at TestingInstanceLoader.createInstancesOfProviders (../../../node_modules/@nestjs/core/injector/instance-loader.js:55:9)
      at ../../../node_modules/@nestjs/core/injector/instance-loader.js:40:13
          at async Promise.all (index 1)
      at TestingInstanceLoader.createInstances (../../../node_modules/@nestjs/core/injector/instance-loader.js:39:9)
      at TestingInstanceLoader.createInstancesOfDependencies (../../../node_modules/@nestjs/core/injector/instance-loader.js:22:13)
      at TestingInstanceLoader.createInstancesOfDependencies (../../../node_modules/@nestjs/testing/testing-instance-loader.js:9:9)
      at TestingModuleBuilder.createInstancesOfDependencies (../../../node_modules/@nestjs/testing/testing-module.builder.js:118:9)
      at TestingModuleBuilder.compile (../../../node_modules/@nestjs/testing/testing-module.builder.js:74:9)
      at Object.<anonymous> (modules/campaigns/campaigns.service.spec.ts:77:35)

  ● CampaignsService › update › throws BadRequestException when updating archived campaign

    Nest can't resolve dependencies of the CampaignsService (CampaignsRepository, BranchesRepository, PlansService, AuditService, ?). Please make sure that the argument WhatsAppBspService at index [4] is available in the RootTestModule module.

    Potential solutions:
    - Is RootTestModule a valid NestJS module?
    - If WhatsAppBspService is a provider, is it part of the current RootTestModule?
    - If WhatsAppBspService is exported from a separate @Module, is that module imported within RootTestModule?
      @Module({
        imports: [ /* the Module containing WhatsAppBspService */ ]
      })

    For more common dependency resolution issues, see: https://docs.nestjs.com/faq/common-errors

    [0m [90m 75 |[39m     mockPlansService[33m.[39mgetLimits[33m.[39mmockResolvedValue([33mDEFAULT_LIMITS[39m)[33m;[39m
     [90m 76 |[39m
    [31m[1m>[22m[39m[90m 77 |[39m     [36mconst[39m module[33m:[39m [33mTestingModule[39m [33m=[39m [36mawait[39m [33mTest[39m[33m.[39mcreateTestingModule({
     [90m    |[39m                                   [31m[1m^[22m[39m
     [90m 78 |[39m       providers[33m:[39m [
     [90m 79 |[39m         [33mCampaignsService[39m[33m,[39m
     [90m 80 |[39m         { provide[33m:[39m [33mCampaignsRepository[39m[33m,[39m useValue[33m:[39m mockRepo }[33m,[39m[0m

      at TestingInjector.lookupComponentInParentModules (../../../node_modules/@nestjs/core/injector/injector.js:290:19)
      at TestingInjector.resolveComponentWrapper (../../../node_modules/@nestjs/testing/testing-injector.js:19:45)
      at resolveParam (../../../node_modules/@nestjs/core/injector/injector.js:140:38)
          at async Promise.all (index 4)
      at TestingInjector.resolveConstructorParams (../../../node_modules/@nestjs/core/injector/injector.js:169:27)
      at TestingInjector.loadInstance (../../../node_modules/@nestjs/core/injector/injector.js:75:13)
      at TestingInjector.loadProvider (../../../node_modules/@nestjs/core/injector/injector.js:103:9)
      at ../../../node_modules/@nestjs/core/injector/instance-loader.js:56:13
          at async Promise.all (index 3)
      at TestingInstanceLoader.createInstancesOfProviders (../../../node_modules/@nestjs/core/injector/instance-loader.js:55:9)
      at ../../../node_modules/@nestjs/core/injector/instance-loader.js:40:13
          at async Promise.all (index 1)
      at TestingInstanceLoader.createInstances (../../../node_modules/@nestjs/core/injector/instance-loader.js:39:9)
      at TestingInstanceLoader.createInstancesOfDependencies (../../../node_modules/@nestjs/core/injector/instance-loader.js:22:13)
      at TestingInstanceLoader.createInstancesOfDependencies (../../../node_modules/@nestjs/testing/testing-instance-loader.js:9:9)
      at TestingModuleBuilder.createInstancesOfDependencies (../../../node_modules/@nestjs/testing/testing-module.builder.js:118:9)
      at TestingModuleBuilder.compile (../../../node_modules/@nestjs/testing/testing-module.builder.js:74:9)
      at Object.<anonymous> (modules/campaigns/campaigns.service.spec.ts:77:35)

  ● CampaignsService › update › validates branchId on update

    Nest can't resolve dependencies of the CampaignsService (CampaignsRepository, BranchesRepository, PlansService, AuditService, ?). Please make sure that the argument WhatsAppBspService at index [4] is available in the RootTestModule module.

    Potential solutions:
    - Is RootTestModule a valid NestJS module?
    - If WhatsAppBspService is a provider, is it part of the current RootTestModule?
    - If WhatsAppBspService is exported from a separate @Module, is that module imported within RootTestModule?
      @Module({
        imports: [ /* the Module containing WhatsAppBspService */ ]
      })

    For more common dependency resolution issues, see: https://docs.nestjs.com/faq/common-errors

    [0m [90m 75 |[39m     mockPlansService[33m.[39mgetLimits[33m.[39mmockResolvedValue([33mDEFAULT_LIMITS[39m)[33m;[39m
     [90m 76 |[39m
    [31m[1m>[22m[39m[90m 77 |[39m     [36mconst[39m module[33m:[39m [33mTestingModule[39m [33m=[39m [36mawait[39m [33mTest[39m[33m.[39mcreateTestingModule({
     [90m    |[39m                                   [31m[1m^[22m[39m
     [90m 78 |[39m       providers[33m:[39m [
     [90m 79 |[39m         [33mCampaignsService[39m[33m,[39m
     [90m 80 |[39m         { provide[33m:[39m [33mCampaignsRepository[39m[33m,[39m useValue[33m:[39m mockRepo }[33m,[39m[0m

      at TestingInjector.lookupComponentInParentModules (../../../node_modules/@nestjs/core/injector/injector.js:290:19)
      at TestingInjector.resolveComponentWrapper (../../../node_modules/@nestjs/testing/testing-injector.js:19:45)
      at resolveParam (../../../node_modules/@nestjs/core/injector/injector.js:140:38)
          at async Promise.all (index 4)
      at TestingInjector.resolveConstructorParams (../../../node_modules/@nestjs/core/injector/injector.js:169:27)
      at TestingInjector.loadInstance (../../../node_modules/@nestjs/core/injector/injector.js:75:13)
      at TestingInjector.loadProvider (../../../node_modules/@nestjs/core/injector/injector.js:103:9)
      at ../../../node_modules/@nestjs/core/injector/instance-loader.js:56:13
          at async Promise.all (index 3)
      at TestingInstanceLoader.createInstancesOfProviders (../../../node_modules/@nestjs/core/injector/instance-loader.js:55:9)
      at ../../../node_modules/@nestjs/core/injector/instance-loader.js:40:13
          at async Promise.all (index 1)
      at TestingInstanceLoader.createInstances (../../../node_modules/@nestjs/core/injector/instance-loader.js:39:9)
      at TestingInstanceLoader.createInstancesOfDependencies (../../../node_modules/@nestjs/core/injector/instance-loader.js:22:13)
      at TestingInstanceLoader.createInstancesOfDependencies (../../../node_modules/@nestjs/testing/testing-instance-loader.js:9:9)
      at TestingModuleBuilder.createInstancesOfDependencies (../../../node_modules/@nestjs/testing/testing-module.builder.js:118:9)
      at TestingModuleBuilder.compile (../../../node_modules/@nestjs/testing/testing-module.builder.js:74:9)
      at Object.<anonymous> (modules/campaigns/campaigns.service.spec.ts:77:35)

  ● CampaignsService › updateStatus › allows valid transition DRAFT → ACTIVE

    Nest can't resolve dependencies of the CampaignsService (CampaignsRepository, BranchesRepository, PlansService, AuditService, ?). Please make sure that the argument WhatsAppBspService at index [4] is available in the RootTestModule module.

    Potential solutions:
    - Is RootTestModule a valid NestJS module?
    - If WhatsAppBspService is a provider, is it part of the current RootTestModule?
    - If WhatsAppBspService is exported from a separate @Module, is that module imported within RootTestModule?
      @Module({
        imports: [ /* the Module containing WhatsAppBspService */ ]
      })

    For more common dependency resolution issues, see: https://docs.nestjs.com/faq/common-errors

    [0m [90m 75 |[39m     mockPlansService[33m.[39mgetLimits[33m.[39mmockResolvedValue([33mDEFAULT_LIMITS[39m)[33m;[39m
     [90m 76 |[39m
    [31m[1m>[22m[39m[90m 77 |[39m     [36mconst[39m module[33m:[39m [33mTestingModule[39m [33m=[39m [36mawait[39m [33mTest[39m[33m.[39mcreateTestingModule({
     [90m    |[39m                                   [31m[1m^[22m[39m
     [90m 78 |[39m       providers[33m:[39m [
     [90m 79 |[39m         [33mCampaignsService[39m[33m,[39m
     [90m 80 |[39m         { provide[33m:[39m [33mCampaignsRepository[39m[33m,[39m useValue[33m:[39m mockRepo }[33m,[39m[0m

      at TestingInjector.lookupComponentInParentModules (../../../node_modules/@nestjs/core/injector/injector.js:290:19)
      at TestingInjector.resolveComponentWrapper (../../../node_modules/@nestjs/testing/testing-injector.js:19:45)
      at resolveParam (../../../node_modules/@nestjs/core/injector/injector.js:140:38)
          at async Promise.all (index 4)
      at TestingInjector.resolveConstructorParams (../../../node_modules/@nestjs/core/injector/injector.js:169:27)
      at TestingInjector.loadInstance (../../../node_modules/@nestjs/core/injector/injector.js:75:13)
      at TestingInjector.loadProvider (../../../node_modules/@nestjs/core/injector/injector.js:103:9)
      at ../../../node_modules/@nestjs/core/injector/instance-loader.js:56:13
          at async Promise.all (index 3)
      at TestingInstanceLoader.createInstancesOfProviders (../../../node_modules/@nestjs/core/injector/instance-loader.js:55:9)
      at ../../../node_modules/@nestjs/core/injector/instance-loader.js:40:13
          at async Promise.all (index 1)
      at TestingInstanceLoader.createInstances (../../../node_modules/@nestjs/core/injector/instance-loader.js:39:9)
      at TestingInstanceLoader.createInstancesOfDependencies (../../../node_modules/@nestjs/core/injector/instance-loader.js:22:13)
      at TestingInstanceLoader.createInstancesOfDependencies (../../../node_modules/@nestjs/testing/testing-instance-loader.js:9:9)
      at TestingModuleBuilder.createInstancesOfDependencies (../../../node_modules/@nestjs/testing/testing-module.builder.js:118:9)
      at TestingModuleBuilder.compile (../../../node_modules/@nestjs/testing/testing-module.builder.js:74:9)
      at Object.<anonymous> (modules/campaigns/campaigns.service.spec.ts:77:35)

  ● CampaignsService › updateStatus › rejects invalid transition DRAFT → PAUSED

    Nest can't resolve dependencies of the CampaignsService (CampaignsRepository, BranchesRepository, PlansService, AuditService, ?). Please make sure that the argument WhatsAppBspService at index [4] is available in the RootTestModule module.

    Potential solutions:
    - Is RootTestModule a valid NestJS module?
    - If WhatsAppBspService is a provider, is it part of the current RootTestModule?
    - If WhatsAppBspService is exported from a separate @Module, is that module imported within RootTestModule?
      @Module({
        imports: [ /* the Module containing WhatsAppBspService */ ]
      })

    For more common dependency resolution issues, see: https://docs.nestjs.com/faq/common-errors

    [0m [90m 75 |[39m     mockPlansService[33m.[39mgetLimits[33m.[39mmockResolvedValue([33mDEFAULT_LIMITS[39m)[33m;[39m
     [90m 76 |[39m
    [31m[1m>[22m[39m[90m 77 |[39m     [36mconst[39m module[33m:[39m [33mTestingModule[39m [33m=[39m [36mawait[39m [33mTest[39m[33m.[39mcreateTestingModule({
     [90m    |[39m                                   [31m[1m^[22m[39m
     [90m 78 |[39m       providers[33m:[39m [
     [90m 79 |[39m         [33mCampaignsService[39m[33m,[39m
     [90m 80 |[39m         { provide[33m:[39m [33mCampaignsRepository[39m[33m,[39m useValue[33m:[39m mockRepo }[33m,[39m[0m

      at TestingInjector.lookupComponentInParentModules (../../../node_modules/@nestjs/core/injector/injector.js:290:19)
      at TestingInjector.resolveComponentWrapper (../../../node_modules/@nestjs/testing/testing-injector.js:19:45)
      at resolveParam (../../../node_modules/@nestjs/core/injector/injector.js:140:38)
          at async Promise.all (index 4)
      at TestingInjector.resolveConstructorParams (../../../node_modules/@nestjs/core/injector/injector.js:169:27)
      at TestingInjector.loadInstance (../../../node_modules/@nestjs/core/injector/injector.js:75:13)
      at TestingInjector.loadProvider (../../../node_modules/@nestjs/core/injector/injector.js:103:9)
      at ../../../node_modules/@nestjs/core/injector/instance-loader.js:56:13
          at async Promise.all (index 3)
      at TestingInstanceLoader.createInstancesOfProviders (../../../node_modules/@nestjs/core/injector/instance-loader.js:55:9)
      at ../../../node_modules/@nestjs/core/injector/instance-loader.js:40:13
          at async Promise.all (index 1)
      at TestingInstanceLoader.createInstances (../../../node_modules/@nestjs/core/injector/instance-loader.js:39:9)
      at TestingInstanceLoader.createInstancesOfDependencies (../../../node_modules/@nestjs/core/injector/instance-loader.js:22:13)
      at TestingInstanceLoader.createInstancesOfDependencies (../../../node_modules/@nestjs/testing/testing-instance-loader.js:9:9)
      at TestingModuleBuilder.createInstancesOfDependencies (../../../node_modules/@nestjs/testing/testing-module.builder.js:118:9)
      at TestingModuleBuilder.compile (../../../node_modules/@nestjs/testing/testing-module.builder.js:74:9)
      at Object.<anonymous> (modules/campaigns/campaigns.service.spec.ts:77:35)

  ● CampaignsService › updateStatus › allows ACTIVE → ARCHIVED

    Nest can't resolve dependencies of the CampaignsService (CampaignsRepository, BranchesRepository, PlansService, AuditService, ?). Please make sure that the argument WhatsAppBspService at index [4] is available in the RootTestModule module.

    Potential solutions:
    - Is RootTestModule a valid NestJS module?
    - If WhatsAppBspService is a provider, is it part of the current RootTestModule?
    - If WhatsAppBspService is exported from a separate @Module, is that module imported within RootTestModule?
      @Module({
        imports: [ /* the Module containing WhatsAppBspService */ ]
      })

    For more common dependency resolution issues, see: https://docs.nestjs.com/faq/common-errors

    [0m [90m 75 |[39m     mockPlansService[33m.[39mgetLimits[33m.[39mmockResolvedValue([33mDEFAULT_LIMITS[39m)[33m;[39m
     [90m 76 |[39m
    [31m[1m>[22m[39m[90m 77 |[39m     [36mconst[39m module[33m:[39m [33mTestingModule[39m [33m=[39m [36mawait[39m [33mTest[39m[33m.[39mcreateTestingModule({
     [90m    |[39m                                   [31m[1m^[22m[39m
     [90m 78 |[39m       providers[33m:[39m [
     [90m 79 |[39m         [33mCampaignsService[39m[33m,[39m
     [90m 80 |[39m         { provide[33m:[39m [33mCampaignsRepository[39m[33m,[39m useValue[33m:[39m mockRepo }[33m,[39m[0m

      at TestingInjector.lookupComponentInParentModules (../../../node_modules/@nestjs/core/injector/injector.js:290:19)
      at TestingInjector.resolveComponentWrapper (../../../node_modules/@nestjs/testing/testing-injector.js:19:45)
      at resolveParam (../../../node_modules/@nestjs/core/injector/injector.js:140:38)
          at async Promise.all (index 4)
      at TestingInjector.resolveConstructorParams (../../../node_modules/@nestjs/core/injector/injector.js:169:27)
      at TestingInjector.loadInstance (../../../node_modules/@nestjs/core/injector/injector.js:75:13)
      at TestingInjector.loadProvider (../../../node_modules/@nestjs/core/injector/injector.js:103:9)
      at ../../../node_modules/@nestjs/core/injector/instance-loader.js:56:13
          at async Promise.all (index 3)
      at TestingInstanceLoader.createInstancesOfProviders (../../../node_modules/@nestjs/core/injector/instance-loader.js:55:9)
      at ../../../node_modules/@nestjs/core/injector/instance-loader.js:40:13
          at async Promise.all (index 1)
      at TestingInstanceLoader.createInstances (../../../node_modules/@nestjs/core/injector/instance-loader.js:39:9)
      at TestingInstanceLoader.createInstancesOfDependencies (../../../node_modules/@nestjs/core/injector/instance-loader.js:22:13)
      at TestingInstanceLoader.createInstancesOfDependencies (../../../node_modules/@nestjs/testing/testing-instance-loader.js:9:9)
      at TestingModuleBuilder.createInstancesOfDependencies (../../../node_modules/@nestjs/testing/testing-module.builder.js:118:9)
      at TestingModuleBuilder.compile (../../../node_modules/@nestjs/testing/testing-module.builder.js:74:9)
      at Object.<anonymous> (modules/campaigns/campaigns.service.spec.ts:77:35)

  ● CampaignsService › updateStatus › allows ARCHIVED → DRAFT (unarchive)

    Nest can't resolve dependencies of the CampaignsService (CampaignsRepository, BranchesRepository, PlansService, AuditService, ?). Please make sure that the argument WhatsAppBspService at index [4] is available in the RootTestModule module.

    Potential solutions:
    - Is RootTestModule a valid NestJS module?
    - If WhatsAppBspService is a provider, is it part of the current RootTestModule?
    - If WhatsAppBspService is exported from a separate @Module, is that module imported within RootTestModule?
      @Module({
        imports: [ /* the Module containing WhatsAppBspService */ ]
      })

    For more common dependency resolution issues, see: https://docs.nestjs.com/faq/common-errors

    [0m [90m 75 |[39m     mockPlansService[33m.[39mgetLimits[33m.[39mmockResolvedValue([33mDEFAULT_LIMITS[39m)[33m;[39m
     [90m 76 |[39m
    [31m[1m>[22m[39m[90m 77 |[39m     [36mconst[39m module[33m:[39m [33mTestingModule[39m [33m=[39m [36mawait[39m [33mTest[39m[33m.[39mcreateTestingModule({
     [90m    |[39m                                   [31m[1m^[22m[39m
     [90m 78 |[39m       providers[33m:[39m [
     [90m 79 |[39m         [33mCampaignsService[39m[33m,[39m
     [90m 80 |[39m         { provide[33m:[39m [33mCampaignsRepository[39m[33m,[39m useValue[33m:[39m mockRepo }[33m,[39m[0m

      at TestingInjector.lookupComponentInParentModules (../../../node_modules/@nestjs/core/injector/injector.js:290:19)
      at TestingInjector.resolveComponentWrapper (../../../node_modules/@nestjs/testing/testing-injector.js:19:45)
      at resolveParam (../../../node_modules/@nestjs/core/injector/injector.js:140:38)
          at async Promise.all (index 4)
      at TestingInjector.resolveConstructorParams (../../../node_modules/@nestjs/core/injector/injector.js:169:27)
      at TestingInjector.loadInstance (../../../node_modules/@nestjs/core/injector/injector.js:75:13)
      at TestingInjector.loadProvider (../../../node_modules/@nestjs/core/injector/injector.js:103:9)
      at ../../../node_modules/@nestjs/core/injector/instance-loader.js:56:13
          at async Promise.all (index 3)
      at TestingInstanceLoader.createInstancesOfProviders (../../../node_modules/@nestjs/core/injector/instance-loader.js:55:9)
      at ../../../node_modules/@nestjs/core/injector/instance-loader.js:40:13
          at async Promise.all (index 1)
      at TestingInstanceLoader.createInstances (../../../node_modules/@nestjs/core/injector/instance-loader.js:39:9)
      at TestingInstanceLoader.createInstancesOfDependencies (../../../node_modules/@nestjs/core/injector/instance-loader.js:22:13)
      at TestingInstanceLoader.createInstancesOfDependencies (../../../node_modules/@nestjs/testing/testing-instance-loader.js:9:9)
      at TestingModuleBuilder.createInstancesOfDependencies (../../../node_modules/@nestjs/testing/testing-module.builder.js:118:9)
      at TestingModuleBuilder.compile (../../../node_modules/@nestjs/testing/testing-module.builder.js:74:9)
      at Object.<anonymous> (modules/campaigns/campaigns.service.spec.ts:77:35)

  ● CampaignsService › updateStatus › rejects ARCHIVED → ACTIVE (must go through DRAFT)

    Nest can't resolve dependencies of the CampaignsService (CampaignsRepository, BranchesRepository, PlansService, AuditService, ?). Please make sure that the argument WhatsAppBspService at index [4] is available in the RootTestModule module.

    Potential solutions:
    - Is RootTestModule a valid NestJS module?
    - If WhatsAppBspService is a provider, is it part of the current RootTestModule?
    - If WhatsAppBspService is exported from a separate @Module, is that module imported within RootTestModule?
      @Module({
        imports: [ /* the Module containing WhatsAppBspService */ ]
      })

    For more common dependency resolution issues, see: https://docs.nestjs.com/faq/common-errors

    [0m [90m 75 |[39m     mockPlansService[33m.[39mgetLimits[33m.[39mmockResolvedValue([33mDEFAULT_LIMITS[39m)[33m;[39m
     [90m 76 |[39m
    [31m[1m>[22m[39m[90m 77 |[39m     [36mconst[39m module[33m:[39m [33mTestingModule[39m [33m=[39m [36mawait[39m [33mTest[39m[33m.[39mcreateTestingModule({
     [90m    |[39m                                   [31m[1m^[22m[39m
     [90m 78 |[39m       providers[33m:[39m [
     [90m 79 |[39m         [33mCampaignsService[39m[33m,[39m
     [90m 80 |[39m         { provide[33m:[39m [33mCampaignsRepository[39m[33m,[39m useValue[33m:[39m mockRepo }[33m,[39m[0m

      at TestingInjector.lookupComponentInParentModules (../../../node_modules/@nestjs/core/injector/injector.js:290:19)
      at TestingInjector.resolveComponentWrapper (../../../node_modules/@nestjs/testing/testing-injector.js:19:45)
      at resolveParam (../../../node_modules/@nestjs/core/injector/injector.js:140:38)
          at async Promise.all (index 4)
      at TestingInjector.resolveConstructorParams (../../../node_modules/@nestjs/core/injector/injector.js:169:27)
      at TestingInjector.loadInstance (../../../node_modules/@nestjs/core/injector/injector.js:75:13)
      at TestingInjector.loadProvider (../../../node_modules/@nestjs/core/injector/injector.js:103:9)
      at ../../../node_modules/@nestjs/core/injector/instance-loader.js:56:13
          at async Promise.all (index 3)
      at TestingInstanceLoader.createInstancesOfProviders (../../../node_modules/@nestjs/core/injector/instance-loader.js:55:9)
      at ../../../node_modules/@nestjs/core/injector/instance-loader.js:40:13
          at async Promise.all (index 1)
      at TestingInstanceLoader.createInstances (../../../node_modules/@nestjs/core/injector/instance-loader.js:39:9)
      at TestingInstanceLoader.createInstancesOfDependencies (../../../node_modules/@nestjs/core/injector/instance-loader.js:22:13)
      at TestingInstanceLoader.createInstancesOfDependencies (../../../node_modules/@nestjs/testing/testing-instance-loader.js:9:9)
      at TestingModuleBuilder.createInstancesOfDependencies (../../../node_modules/@nestjs/testing/testing-module.builder.js:118:9)
      at TestingModuleBuilder.compile (../../../node_modules/@nestjs/testing/testing-module.builder.js:74:9)
      at Object.<anonymous> (modules/campaigns/campaigns.service.spec.ts:77:35)

  ● CampaignsService › updateStatus › throws NotFoundException for missing campaign

    Nest can't resolve dependencies of the CampaignsService (CampaignsRepository, BranchesRepository, PlansService, AuditService, ?). Please make sure that the argument WhatsAppBspService at index [4] is available in the RootTestModule module.

    Potential solutions:
    - Is RootTestModule a valid NestJS module?
    - If WhatsAppBspService is a provider, is it part of the current RootTestModule?
    - If WhatsAppBspService is exported from a separate @Module, is that module imported within RootTestModule?
      @Module({
        imports: [ /* the Module containing WhatsAppBspService */ ]
      })

    For more common dependency resolution issues, see: https://docs.nestjs.com/faq/common-errors

    [0m [90m 75 |[39m     mockPlansService[33m.[39mgetLimits[33m.[39mmockResolvedValue([33mDEFAULT_LIMITS[39m)[33m;[39m
     [90m 76 |[39m
    [31m[1m>[22m[39m[90m 77 |[39m     [36mconst[39m module[33m:[39m [33mTestingModule[39m [33m=[39m [36mawait[39m [33mTest[39m[33m.[39mcreateTestingModule({
     [90m    |[39m                                   [31m[1m^[22m[39m
     [90m 78 |[39m       providers[33m:[39m [
     [90m 79 |[39m         [33mCampaignsService[39m[33m,[39m
     [90m 80 |[39m         { provide[33m:[39m [33mCampaignsRepository[39m[33m,[39m useValue[33m:[39m mockRepo }[33m,[39m[0m

      at TestingInjector.lookupComponentInParentModules (../../../node_modules/@nestjs/core/injector/injector.js:290:19)
      at TestingInjector.resolveComponentWrapper (../../../node_modules/@nestjs/testing/testing-injector.js:19:45)
      at resolveParam (../../../node_modules/@nestjs/core/injector/injector.js:140:38)
          at async Promise.all (index 4)
      at TestingInjector.resolveConstructorParams (../../../node_modules/@nestjs/core/injector/injector.js:169:27)
      at TestingInjector.loadInstance (../../../node_modules/@nestjs/core/injector/injector.js:75:13)
      at TestingInjector.loadProvider (../../../node_modules/@nestjs/core/injector/injector.js:103:9)
      at ../../../node_modules/@nestjs/core/injector/instance-loader.js:56:13
          at async Promise.all (index 3)
      at TestingInstanceLoader.createInstancesOfProviders (../../../node_modules/@nestjs/core/injector/instance-loader.js:55:9)
      at ../../../node_modules/@nestjs/core/injector/instance-loader.js:40:13
          at async Promise.all (index 1)
      at TestingInstanceLoader.createInstances (../../../node_modules/@nestjs/core/injector/instance-loader.js:39:9)
      at TestingInstanceLoader.createInstancesOfDependencies (../../../node_modules/@nestjs/core/injector/instance-loader.js:22:13)
      at TestingInstanceLoader.createInstancesOfDependencies (../../../node_modules/@nestjs/testing/testing-instance-loader.js:9:9)
      at TestingModuleBuilder.createInstancesOfDependencies (../../../node_modules/@nestjs/testing/testing-module.builder.js:118:9)
      at TestingModuleBuilder.compile (../../../node_modules/@nestjs/testing/testing-module.builder.js:74:9)
      at Object.<anonymous> (modules/campaigns/campaigns.service.spec.ts:77:35)

FAIL modules/metrics/metrics.service.spec.ts
  ● MetricsService › returns the MVP dashboard with exactly three KPIs

    expect(received).toEqual(expected) // deep equality

    - Expected  - 0
    + Received  + 1

    @@ -2,9 +2,10 @@
        Object {
          "acknowledgedByOwner": false,
          "comment": "Demora larga",
          "createdAt": "2026-05-02T09:00:00.000Z",
          "customerName": "Maria Garcia",
    +     "customerPhone": null,
          "id": "feedback-1",
          "score": 2,
        },
      ]

    [0m [90m 141 |[39m       reactivatedCustomers[33m:[39m [35m0[39m[33m,[39m
     [90m 142 |[39m     })[33m;[39m
    [31m[1m>[22m[39m[90m 143 |[39m     expect(result[33m.[39mnegativeFeedback)[33m.[39mtoEqual([
     [90m     |[39m                                     [31m[1m^[22m[39m
     [90m 144 |[39m       {
     [90m 145 |[39m         id[33m:[39m [32m'feedback-1'[39m[33m,[39m
     [90m 146 |[39m         createdAt[33m:[39m [32m'2026-05-02T09:00:00.000Z'[39m[33m,[39m[0m

      at Object.<anonymous> (modules/metrics/metrics.service.spec.ts:143:37)

FAIL modules/widgets/widgets.service.spec.ts
  ● WidgetsService › returns embeddable toast payload from detected Google reviews

    TypeError: this.widgetsRepository.findActiveByMode is not a function

    [0m [90m 156 |[39m
     [90m 157 |[39m   [36masync[39m getEmbeddableWidgetByBusiness(businessId[33m:[39m string[33m,[39m mode[33m?[39m[33m:[39m string) {
    [31m[1m>[22m[39m[90m 158 |[39m     [36mconst[39m widget [33m=[39m [36mawait[39m [36mthis[39m[33m.[39mwidgetsRepository[33m.[39mfindActiveByMode(
     [90m     |[39m                                                 [31m[1m^[22m[39m
     [90m 159 |[39m       businessId[33m,[39m
     [90m 160 |[39m       mode[33m,[39m
     [90m 161 |[39m     )[33m;[39m[0m

      at WidgetsService.getEmbeddableWidgetByBusiness (modules/widgets/widgets.service.ts:158:49)
      at Object.<anonymous> (modules/widgets/widgets.service.spec.ts:242:34)

FAIL modules/integrations/google-calendar/google-calendar-parser.spec.ts
  ● GoogleCalendarParserService › parses international +598 format

    expect(received).toBe(expected) // Object.is equality

    Expected: "María García"
    Received: "María García 8"

    [0m [90m 22 |[39m   it([32m'parses international +598 format'[39m[33m,[39m () [33m=>[39m {
     [90m 23 |[39m     [36mconst[39m r [33m=[39m parse([32m'María García +598912345678'[39m)[33m;[39m
    [31m[1m>[22m[39m[90m 24 |[39m     expect(r[33m.[39mcustomerName)[33m.[39mtoBe([32m'María García'[39m)[33m;[39m
     [90m    |[39m                            [31m[1m^[22m[39m
     [90m 25 |[39m     expect(r[33m.[39mcustomerPhone)[33m.[39mtoBe([32m'+598912345678'[39m)[33m;[39m
     [90m 26 |[39m   })[33m;[39m
     [90m 27 |[39m[0m

      at Object.<anonymous> (modules/integrations/google-calendar/google-calendar-parser.spec.ts:24:28)


Test Suites: 6 failed, 130 passed, 136 total
Tests:       59 failed, 1210 passed, 1269 total
Snapshots:   0 total
Time:        53.915 s, estimated 71 s
Ran all test suites.
